model,corridor,horizon,mae,rmse,observed_points
Naive Persistence,tt_cawang.csv,1,6.304347991943359,10.310400546828197,46
Naive Persistence,tt_gatsu.csv,1,7.0652174949646,14.022497357065404,46
Naive Persistence,tt_grogol.csv,1,2.6956522464752197,4.293574726908439,46
Naive Persistence,tt_kelapagading.csv,1,1.6521741151809692,2.4405988899426623,46
Naive Persistence,tt_kuningan.csv,1,1.7608693838119507,3.068067977540121,46
Naive Persistence,tt_sudirman.csv,1,4.5217390060424805,6.375906187987522,46
Naive Persistence,tt_thamrin.csv,1,2.7826085090637207,4.016271160698053,46
Naive Persistence,tt_bekasi.csv,1,0.32608696818351746,1.1131623321732864,46
Naive Persistence,tt_bogor.csv,1,3.4347825050354004,5.421374734890891,46
Naive Persistence,tt_bsd.csv,1,1.6739130020141602,2.8930200500637393,46
Naive Persistence,tt_depok.csv,1,2.04347825050354,3.057421463264154,46
Naive Persistence,tt_kebonjeruk.csv,1,2.54347825050354,4.013564237835911,46
Naive Persistence,tt_tangerang.csv,1,4.304347991943359,7.283095490204257,46
Naive Persistence,tt_tbsimatupang.csv,1,9.565217018127441,14.683619729293325,46
Naive Persistence,tt_daanmogot.csv,1,3.6521739959716797,5.536440552915897,46
Naive Persistence,tt_kalimalang.csv,1,0.52173912525177,1.7937087981380089,46
Naive Persistence,tt_lingkardalam.csv,1,2.6956522464752197,4.45752956001891,46
Naive Persistence,tt_majapahit.csv,1,2.9347825050354004,4.537285304178981,46
Naive Persistence,tt_merdekabar.csv,1,4.5,6.264114920895649,46
Naive Persistence,tt_mtharyono.csv,1,0.43478259444236755,2.0851441206852632,46
Naive Persistence,tt_rayabogor.csv,1,1.3260869979858398,2.5065135027713685,46
Naive Persistence,tt_sparman.csv,1,0.7391306161880493,2.0536293234868146,46
Naive Persistence,tt_sudirman_s.csv,1,2.3913042545318604,3.394368719812637,46
Naive Persistence,tt_sultanagung.csv,1,1.3043478727340698,2.6946003290901444,46
Naive Persistence,tt_cakungcilincing.csv,1,2.6086957454681396,4.064694560119546,46
Naive Persistence,tt_cibinong.csv,1,3.6956522464752197,5.145703065693084,46
Naive Persistence,tt_cibitung.csv,1,0.804347813129425,1.787638801574244,46
Naive Persistence,tt_cijantung.csv,1,0.7826086282730103,2.032346928123957,46
Naive Persistence,tt_cilodong.csv,1,2.130434989929199,3.4325806530328165,46
Naive Persistence,tt_cimanggis.csv,1,2.195652484893799,3.410342776166664,46
Naive Persistence,tt_cipondoh.csv,1,2.2826087474823,3.709564661770758,46
Naive Persistence,tt_fatmawati.csv,1,5.4347825050354,8.730257705083394,46
Naive Persistence,tt_gadingserpong.csv,1,2.13043475151062,4.7089185547945585,46
Naive Persistence,tt_gajahmada.csv,1,1.41304349899292,2.4361409041833766,46
Naive Persistence,tt_gunungsahari.csv,1,1.5652177333831787,2.5452432846671673,46
Naive Persistence,tt_hayamwuruk.csv,1,1.9130436182022095,3.196465841382021,46
Naive Persistence,tt_jatinegara.csv,1,2.41304349899292,3.602535488740095,46
Naive Persistence,tt_jorr_west.csv,1,1.804348111152649,3.206651040142895,46
Naive Persistence,tt_kapukmuara.csv,1,2.7608695030212402,4.522888888228813,46
Naive Persistence,tt_karawaci.csv,1,2.5217392444610596,4.273273918187131,46
Naive Persistence,tt_kedoya.csv,1,2.2826087474823,3.590446479682146,46
Naive Persistence,tt_kemang.csv,1,2.0652174949645996,3.2803767904323173,46
Naive Persistence,tt_kramatraya.csv,1,2.3478264808654785,4.26308782109702,46
Naive Persistence,tt_lebakbulus.csv,1,2.6521739959716797,4.704299932078326,46
Naive Persistence,tt_lentengagung.csv,1,5.130434989929199,11.203648340831638,46
Naive Persistence,tt_mampang.csv,1,2.326087236404419,3.602535753463173,46
Naive Persistence,tt_manggadua.csv,1,2.3913042545318604,4.6811370387791555,46
Naive Persistence,tt_martadinata.csv,1,4.1086955070495605,5.439389306178582,46
Naive Persistence,tt_matraman.csv,1,2.3913042545318604,3.8841932209719223,46
Naive Persistence,tt_merak_toll_e.csv,1,1.41304349899292,2.9154761109764418,46
Naive Persistence,tt_otista.csv,1,1.6304349899291992,2.746539539601867,46
Naive Persistence,tt_pemuda.csv,1,1.95652174949646,4.791296682033338,46
Naive Persistence,tt_perintis.csv,1,2.7391304969787598,4.064694560119546,46
Naive Persistence,tt_pluit.csv,1,0.782608687877655,3.085731518788127,46
Naive Persistence,tt_pondokindah.csv,1,1.8478261232376099,3.2737426615571237,46
Naive Persistence,tt_pospengumben.csv,1,2.0,3.0857318278475065,46
Naive Persistence,tt_pramuka.csv,1,3.04347825050354,5.013026434825063,46
Naive Persistence,tt_purikembangan.csv,1,7.08695650100708,11.277141129219757,46
Naive Persistence,tt_ragunan.csv,1,2.1086957454681396,3.3067787713869685,46
Naive Persistence,tt_rayabekasi_cakung.csv,1,3.5217392444610596,4.898979485566356,46
Naive Persistence,tt_salemba.csv,1,2.36956524848938,3.7907211605998445,46
Naive Persistence,tt_supomo.csv,1,4.82608699798584,9.352981548949002,46
Naive Persistence,tt_tambun.csv,1,2.0217392444610596,3.253760436455677,46
Naive Persistence,tt_tendean.csv,1,6.0,9.969518745461754,46
Naive Persistence,tt_cawang.csv,3,7.9782609939575195,12.75777661890239,46
Naive Persistence,tt_gatsu.csv,3,11.717391014099121,18.67164781504049,46
Naive Persistence,tt_grogol.csv,3,4.282608509063721,5.881067592212312,46
Naive Persistence,tt_kelapagading.csv,3,2.7173917293548584,3.738751771467957,46
Naive Persistence,tt_kuningan.csv,3,2.673912763595581,4.05666342863415,46
Naive Persistence,tt_sudirman.csv,3,7.0217390060424805,9.133074806434132,46
Naive Persistence,tt_thamrin.csv,3,3.7391304969787598,5.14147663888481,46
Naive Persistence,tt_bekasi.csv,3,0.32608696818351746,1.1131623321732864,46
Naive Persistence,tt_bogor.csv,3,4.8913044929504395,6.6414377949271435,46
Naive Persistence,tt_bsd.csv,3,2.0,3.1964653938528915,46
Naive Persistence,tt_depok.csv,3,2.3913042545318604,3.563095846038476,46
Naive Persistence,tt_kebonjeruk.csv,3,4.65217399597168,6.379314682844381,46
Naive Persistence,tt_tangerang.csv,3,5.67391300201416,8.478873982794726,46
Naive Persistence,tt_tbsimatupang.csv,3,15.282608985900879,21.595591398965986,46
Naive Persistence,tt_daanmogot.csv,3,5.0652174949646,7.388298587913859,46
Naive Persistence,tt_kalimalang.csv,3,0.52173912525177,1.7937087981380089,46
Naive Persistence,tt_lingkardalam.csv,3,4.152174472808838,6.05230863045671,46
Naive Persistence,tt_majapahit.csv,3,4.17391300201416,5.823490703678514,46
Naive Persistence,tt_merdekabar.csv,3,2.9782607555389404,5.28122219100944,46
Naive Persistence,tt_mtharyono.csv,3,0.43478259444236755,2.0851441206852632,46
Naive Persistence,tt_rayabogor.csv,3,1.9130436182022095,3.1484989889118133,46
Naive Persistence,tt_sparman.csv,3,0.7391306161880493,2.0536293234868146,46
Naive Persistence,tt_sudirman_s.csv,3,1.52173912525177,2.4316747456190444,46
Naive Persistence,tt_sultanagung.csv,3,1.3043478727340698,2.6946003290901444,46
Naive Persistence,tt_cakungcilincing.csv,3,4.4347825050354,5.992749601854507,46
Naive Persistence,tt_cibinong.csv,3,4.130434989929199,5.706594086182504,46
Naive Persistence,tt_cibitung.csv,3,0.8478262424468994,1.8356377539550437,46
Naive Persistence,tt_cijantung.csv,3,0.7826086282730103,2.032346928123957,46
Naive Persistence,tt_cilodong.csv,3,2.5217392444610596,3.8448161065582203,46
Naive Persistence,tt_cimanggis.csv,3,2.1521739959716797,3.4357457626573122,46
Naive Persistence,tt_cipondoh.csv,3,3.7391304969787598,5.461326399723013,46
Naive Persistence,tt_fatmawati.csv,3,6.26086950302124,9.191205788958294,46
Naive Persistence,tt_gadingserpong.csv,3,1.7391303777694702,4.278358095337902,46
Naive Persistence,tt_gajahmada.csv,3,2.17391300201416,3.25041797591132,46
Naive Persistence,tt_gunungsahari.csv,3,2.652174234390259,3.6830994809398,46
Naive Persistence,tt_hayamwuruk.csv,3,3.3043484687805176,4.91669785225671,46
Naive Persistence,tt_jatinegara.csv,3,3.7391304969787598,5.258533626717653,46
Naive Persistence,tt_jorr_west.csv,3,3.108696222305298,4.575454922763871,46
Naive Persistence,tt_kapukmuara.csv,3,4.4347825050354,5.996376214845174,46
Naive Persistence,tt_karawaci.csv,3,2.6521739959716797,4.442874286707901,46
Naive Persistence,tt_kedoya.csv,3,4.08695650100708,5.429388902535945,46
Naive Persistence,tt_kemang.csv,3,3.2608695030212402,4.690416369795532,46
Naive Persistence,tt_kramatraya.csv,3,1.5217392444610596,3.413528505373088,46
Naive Persistence,tt_lebakbulus.csv,3,4.652174472808838,6.877815918345054,46
Naive Persistence,tt_lentengagung.csv,3,5.869565010070801,12.41142507087881,46
Naive Persistence,tt_mampang.csv,3,4.086956977844238,5.641461846574646,46
Naive Persistence,tt_manggadua.csv,3,3.63043475151062,6.39463087410941,46
Naive Persistence,tt_martadinata.csv,3,4.3913044929504395,5.80853956924546,46
Naive Persistence,tt_matraman.csv,3,4.217391490936279,5.871819142334274,46
Naive Persistence,tt_merak_toll_e.csv,3,2.0652174949645996,3.5539324618798704,46
Naive Persistence,tt_otista.csv,3,2.5217392444610596,3.635573390143853,46
Naive Persistence,tt_pemuda.csv,3,2.5217392444610596,5.755904441840875,46
Naive Persistence,tt_perintis.csv,3,3.239131212234497,4.381284940528582,46
Naive Persistence,tt_pluit.csv,3,0.782608687877655,3.085731518788127,46
Naive Persistence,tt_pondokindah.csv,3,3.0217394828796387,4.435528814362174,46
Naive Persistence,tt_pospengumben.csv,3,3.000000238418579,4.010855250301011,46
Naive Persistence,tt_pramuka.csv,3,4.0652174949646,6.052308315312722,46
Naive Persistence,tt_purikembangan.csv,3,6.217391490936279,10.675041924065985,46
Naive Persistence,tt_ragunan.csv,3,3.3043477535247803,4.70891895984479,46
Naive Persistence,tt_rayabekasi_cakung.csv,3,4.195652008056641,5.832815783111687,46
Naive Persistence,tt_salemba.csv,3,3.8478260040283203,5.506912915509813,46
Naive Persistence,tt_supomo.csv,3,7.67391300201416,14.61015152932922,46
Naive Persistence,tt_tambun.csv,3,2.8043477535247803,4.0459320265848655,46
Naive Persistence,tt_tendean.csv,3,10.217391014099121,14.13906079487364,46
Naive Persistence,tt_cawang.csv,6,12.021276473999023,15.421041386886124,47
Naive Persistence,tt_gatsu.csv,6,12.617021560668945,19.356125036174355,47
Naive Persistence,tt_grogol.csv,6,5.638298034667969,7.138448504542283,47
Naive Persistence,tt_kelapagading.csv,6,3.8297879695892334,4.676787890283578,47
Naive Persistence,tt_kuningan.csv,6,3.170212507247925,4.5123936268111775,47
Naive Persistence,tt_sudirman.csv,6,9.106383323669434,11.323107725120675,47
Naive Persistence,tt_thamrin.csv,6,4.574467658996582,5.7704307149454905,47
Naive Persistence,tt_bekasi.csv,6,0.40425533056259155,1.246271055037959,47
Naive Persistence,tt_bogor.csv,6,5.702127456665039,7.217001170569123,47
Naive Persistence,tt_bsd.csv,6,1.7446808815002441,2.989342833801926,47
Naive Persistence,tt_depok.csv,6,2.9361701011657715,3.892163443596309,47
Naive Persistence,tt_kebonjeruk.csv,6,6.404255390167236,7.769279372331261,47
Naive Persistence,tt_tangerang.csv,6,6.106382846832275,8.784657750418749,47
Naive Persistence,tt_tbsimatupang.csv,6,19.914894104003906,25.400619427194215,47
Naive Persistence,tt_daanmogot.csv,6,6.531914710998535,8.9359424007407,47
Naive Persistence,tt_kalimalang.csv,6,0.5106382966041565,1.774524238117778,47
Naive Persistence,tt_lingkardalam.csv,6,5.914893627166748,7.520186406118114,47
Naive Persistence,tt_majapahit.csv,6,5.510638236999512,7.096597914869633,47
Naive Persistence,tt_merdekabar.csv,6,4.170212745666504,6.195400550091513,47
Naive Persistence,tt_mtharyono.csv,6,0.42553192377090454,2.0628424851402873,47
Naive Persistence,tt_rayabogor.csv,6,2.5744683742523193,3.8287827530025704,47
Naive Persistence,tt_sparman.csv,6,0.4680851995944977,1.6111317647874366,47
Naive Persistence,tt_sudirman_s.csv,6,2.5106382369995117,3.364394159972887,47
Naive Persistence,tt_sultanagung.csv,6,1.5957447290420532,3.014151257542449,47
Naive Persistence,tt_cakungcilincing.csv,6,5.765957355499268,7.3759242626282,47
Naive Persistence,tt_cibinong.csv,6,5.382978916168213,6.938943523717555,47
Naive Persistence,tt_cibitung.csv,6,0.9361703991889954,1.9569844680037225,47
Naive Persistence,tt_cijantung.csv,6,0.8936169147491455,2.1928314633505597,47
Naive Persistence,tt_cilodong.csv,6,2.829787492752075,4.13855804099585,47
Naive Persistence,tt_cimanggis.csv,6,2.2765958309173584,3.4977199757394133,47
Naive Persistence,tt_cipondoh.csv,6,4.978723526000977,6.444525875293249,47
Naive Persistence,tt_fatmawati.csv,6,5.0638298988342285,7.612979105888786,47
Naive Persistence,tt_gadingserpong.csv,6,2.170212745666504,4.749020124054211,47
Naive Persistence,tt_gajahmada.csv,6,2.8936169147491455,3.957218026425508,47
Naive Persistence,tt_gunungsahari.csv,6,3.595745086669922,4.5265181465859685,47
Naive Persistence,tt_hayamwuruk.csv,6,4.680851936340332,5.989353270604235,47
Naive Persistence,tt_jatinegara.csv,6,4.9361701011657715,6.341353842413109,47
Naive Persistence,tt_jorr_west.csv,6,4.276596546173096,5.448014189781498,47
Naive Persistence,tt_kapukmuara.csv,6,5.0,6.602708272425923,47
Naive Persistence,tt_karawaci.csv,6,3.4255318641662598,5.101105416867899,47
Naive Persistence,tt_kedoya.csv,6,5.468085765838623,6.685965388686284,47
Naive Persistence,tt_kemang.csv,6,4.468085289001465,5.649327209385306,47
Naive Persistence,tt_kramatraya.csv,6,2.340425968170166,4.227569629314593,47
Naive Persistence,tt_lebakbulus.csv,6,6.510638236999512,8.409721253410163,47
Naive Persistence,tt_lentengagung.csv,6,4.510638236999512,11.102999417695019,47
Naive Persistence,tt_mampang.csv,6,5.042553424835205,6.343031368047549,47
Naive Persistence,tt_manggadua.csv,6,4.680850982666016,7.101093809736478,47
Naive Persistence,tt_martadinata.csv,6,4.808510780334473,6.049441716941318,47
Naive Persistence,tt_matraman.csv,6,5.297872543334961,6.874250336435842,47
Naive Persistence,tt_merak_toll_e.csv,6,2.170212745666504,3.6025996835167926,47
Naive Persistence,tt_otista.csv,6,3.170212984085083,4.344231228963661,47
Naive Persistence,tt_pemuda.csv,6,1.914893627166748,4.740051089949047,47
Naive Persistence,tt_perintis.csv,6,3.595745325088501,4.839993503030247,47
Naive Persistence,tt_pluit.csv,6,0.7659574747085571,3.0527281269929665,47
Naive Persistence,tt_pondokindah.csv,6,3.468085765838623,4.77359812664483,47
Naive Persistence,tt_pospengumben.csv,6,3.680851697921753,4.710784859026902,47
Naive Persistence,tt_pramuka.csv,6,5.617021083831787,7.729468436575164,47
Naive Persistence,tt_purikembangan.csv,6,6.021276473999023,10.41173658560508,47
Naive Persistence,tt_ragunan.csv,6,4.51063871383667,5.6793771944978975,47
Naive Persistence,tt_rayabekasi_cakung.csv,6,4.234042644500732,5.847348986792206,47
Naive Persistence,tt_salemba.csv,6,4.914893627166748,6.465950327783026,47
Naive Persistence,tt_supomo.csv,6,8.14893627166748,14.910370647037292,47
Naive Persistence,tt_tambun.csv,6,3.3191490173339844,4.4339118742558465,47
Naive Persistence,tt_tendean.csv,6,13.638298034667969,16.97119033154514,47
Historical Average,tt_cawang.csv,1,10.090810568436332,10.730745868209763,46
Historical Average,tt_gatsu.csv,1,8.458899456521738,12.743724063318506,46
Historical Average,tt_grogol.csv,1,4.8177270060000215,5.43338710082349,46
Historical Average,tt_kelapagading.csv,1,2.9839951473733652,3.2716546361579475,46
Historical Average,tt_kuningan.csv,1,2.2842859185260274,2.8340451704022813,46
Historical Average,tt_sudirman.csv,1,7.44541188944941,8.120608301574189,46
Historical Average,tt_thamrin.csv,1,3.3099104425181514,3.9063597128972893,46
Historical Average,tt_bekasi.csv,1,1.5659922724184783,1.5779476903656429,46
Historical Average,tt_bogor.csv,1,4.823958189591117,5.002832628921922,46
Historical Average,tt_bsd.csv,1,1.6209862750509512,2.2160311102001518,46
Historical Average,tt_depok.csv,1,2.601718570875085,2.6725827788445464,46
Historical Average,tt_kebonjeruk.csv,1,5.010690896407418,5.452333308906965,46
Historical Average,tt_tangerang.csv,1,5.36748338782269,6.209191542179808,46
Historical Average,tt_tbsimatupang.csv,1,15.176974255105723,17.152248605234934,46
Historical Average,tt_daanmogot.csv,1,4.707228992296302,5.603119189465578,46
Historical Average,tt_kalimalang.csv,1,0.6354854417883832,1.2501880890659849,46
Historical Average,tt_lingkardalam.csv,1,4.926640676415485,5.701431712210739,46
Historical Average,tt_majapahit.csv,1,4.764661084050718,5.35182802712357,46
Historical Average,tt_merdekabar.csv,1,3.4686890477719516,4.2908246673507495,46
Historical Average,tt_mtharyono.csv,1,1.031017137610394,1.5898485756822331,46
Historical Average,tt_rayabogor.csv,1,2.4963486712911855,2.7838110054142975,46
Historical Average,tt_sparman.csv,1,0.563492899355681,1.4119471013351845,46
Historical Average,tt_sudirman_s.csv,1,1.9594422216000764,2.23629567546033,46
Historical Average,tt_sultanagung.csv,1,1.3465516048928965,1.825621409003262,46
Historical Average,tt_cakungcilincing.csv,1,5.048296016195546,5.229084193983714,46
Historical Average,tt_cibinong.csv,1,4.260869565217392,4.593376566777192,46
Historical Average,tt_cibitung.csv,1,0.9555425643920898,1.191740417545144,46
Historical Average,tt_cijantung.csv,1,1.0449218335358992,1.3483892633032766,46
Historical Average,tt_cilodong.csv,1,2.548917231352433,2.7806980495690286,46
Historical Average,tt_cimanggis.csv,1,1.7707988075588061,2.517310478214036,46
Historical Average,tt_cipondoh.csv,1,4.196755492168924,4.416559488395323,46
Historical Average,tt_fatmawati.csv,1,5.924744357233462,6.520253470107523,46
Historical Average,tt_gadingserpong.csv,1,3.1234270593394404,3.8012017299770955,46
Historical Average,tt_gajahmada.csv,1,2.599014489547066,2.7571872907866344,46
Historical Average,tt_gunungsahari.csv,1,3.06142637004023,3.432950975475988,46
Historical Average,tt_hayamwuruk.csv,1,4.1304353631061055,4.330712873944555,46
Historical Average,tt_jatinegara.csv,1,3.7368463018666143,4.281073149798257,46
Historical Average,tt_jorr_west.csv,1,3.626721465069315,3.8077663565186306,46
Historical Average,tt_kapukmuara.csv,1,3.9213258079860522,4.27454970266083,46
Historical Average,tt_karawaci.csv,1,2.5642072014186694,3.857240462811637,46
Historical Average,tt_kedoya.csv,1,4.191332692685335,4.5200813505770485,46
Historical Average,tt_kemang.csv,1,3.8697054904440176,4.142819544757976,46
Historical Average,tt_kramatraya.csv,1,2.5018022371375044,2.9072747595049955,46
Historical Average,tt_lebakbulus.csv,1,5.745688645736031,5.986236467244336,46
Historical Average,tt_lentengagung.csv,1,3.705363066300102,8.454737799082404,46
Historical Average,tt_mampang.csv,1,3.6123784935992695,4.297603877765091,46
Historical Average,tt_manggadua.csv,1,3.794572913128397,4.708430528324804,46
Historical Average,tt_martadinata.csv,1,4.041038844896399,4.4399574141831675,46
Historical Average,tt_matraman.csv,1,4.68222659567128,4.889253881843911,46
Historical Average,tt_merak_toll_e.csv,1,1.8678406839785369,2.2864090323128043,46
Historical Average,tt_otista.csv,1,2.6281508570132046,3.053518058459953,46
Historical Average,tt_pemuda.csv,1,1.733007057853367,3.9252824027515136,46
Historical Average,tt_perintis.csv,1,3.1017967721690303,3.2153335038018334,46
Historical Average,tt_pluit.csv,1,1.0644421784774116,1.9697757447976685,46
Historical Average,tt_pondokindah.csv,1,3.0612399059793223,3.347246865521354,46
Historical Average,tt_pospengumben.csv,1,2.5128666421641475,2.9282749090369826,46
Historical Average,tt_pramuka.csv,1,5.2637131732443105,5.6973927048244475,46
Historical Average,tt_purikembangan.csv,1,6.208454297936481,7.536376542032118,46
Historical Average,tt_ragunan.csv,1,3.8917398867399795,4.179352136774489,46
Historical Average,tt_rayabekasi_cakung.csv,1,3.5357865043308423,4.051736800285122,46
Historical Average,tt_salemba.csv,1,3.7354942404705547,4.270545932965965,46
Historical Average,tt_supomo.csv,1,5.806320895319399,9.229727284846753,46
Historical Average,tt_tambun.csv,1,2.704929020093835,3.2080197228308767,46
Historical Average,tt_tendean.csv,1,10.745455119920814,12.218845848606867,46
Historical Average,tt_cawang.csv,3,10.110622779182766,10.748271437411837,46
Historical Average,tt_gatsu.csv,3,8.589334239130435,12.898586673412,46
Historical Average,tt_grogol.csv,3,4.80044758838156,5.422244873119053,46
Historical Average,tt_kelapagading.csv,3,3.005734277808148,3.3005518342398132,46
Historical Average,tt_kuningan.csv,3,2.2842859185260274,2.8340451704022813,46
Historical Average,tt_sudirman.csv,3,7.510629280753758,8.168978052361533,46
Historical Average,tt_thamrin.csv,3,3.440345225126847,4.057821052921755,46
Historical Average,tt_bekasi.csv,3,1.5659922724184783,1.5779476903656429,46
Historical Average,tt_bogor.csv,3,4.7587407982867695,4.952823748119496,46
Historical Average,tt_bsd.csv,3,1.694237418796705,2.297182970532319,46
Historical Average,tt_depok.csv,3,2.601718570875085,2.6725827788445464,46
Historical Average,tt_kebonjeruk.csv,3,5.0324300268422,5.4764478240587255,46
Historical Average,tt_tangerang.csv,3,5.449265355649202,6.281214950435059,46
Historical Average,tt_tbsimatupang.csv,3,15.332209379776664,17.309906457842764,46
Historical Average,tt_daanmogot.csv,3,4.815924644470215,5.661765377718381,46
Historical Average,tt_kalimalang.csv,3,0.6354854417883832,1.2501880890659849,46
Historical Average,tt_lingkardalam.csv,3,4.948379848314368,5.731143679406806,46
Historical Average,tt_majapahit.csv,3,4.744817692300548,5.33883503113312,46
Historical Average,tt_merdekabar.csv,3,3.4686890477719516,4.2908246673507495,46
Historical Average,tt_mtharyono.csv,3,1.031017137610394,1.5898485756822331,46
Historical Average,tt_rayabogor.csv,3,2.4181872243466587,2.683742431041575,46
Historical Average,tt_sparman.csv,3,0.563492899355681,1.4119471013351845,46
Historical Average,tt_sudirman_s.csv,3,2.0029204824696416,2.285560409461561,46
Historical Average,tt_sultanagung.csv,3,1.3465516048928965,1.825621409003262,46
Historical Average,tt_cakungcilincing.csv,3,5.048296016195546,5.229084193983714,46
Historical Average,tt_cibinong.csv,3,4.217391304347826,4.550995960529654,46
Historical Average,tt_cibitung.csv,3,0.9555425643920898,1.191740417545144,46
Historical Average,tt_cijantung.csv,3,1.0449218335358992,1.3483892633032766,46
Historical Average,tt_cilodong.csv,3,2.548917231352433,2.7806980495690286,46
Historical Average,tt_cimanggis.csv,3,1.7707988075588061,2.517310478214036,46
Historical Average,tt_cipondoh.csv,3,4.175016361734142,4.391753992813708,46
Historical Average,tt_fatmawati.csv,3,5.8812660963638965,6.492348478005261,46
Historical Average,tt_gadingserpong.csv,3,3.1234270593394404,3.8012017299770955,46
Historical Average,tt_gajahmada.csv,3,2.5772753176481826,2.7379555268931797,46
Historical Average,tt_gunungsahari.csv,3,3.1483828503152598,3.5317448176440327,46
Historical Average,tt_hayamwuruk.csv,3,4.1739136654397715,4.374364683914571,46
Historical Average,tt_jatinegara.csv,3,3.7151071714318316,4.257892784656564,46
Historical Average,tt_jorr_west.csv,3,3.6701996844747793,3.8599742630940423,46
Historical Average,tt_kapukmuara.csv,3,4.065994387087614,4.489149884871088,46
Historical Average,tt_karawaci.csv,3,2.660937806834345,3.9317537588772504,46
Historical Average,tt_kedoya.csv,3,4.256550083989683,4.5948534364687355,46
Historical Average,tt_kemang.csv,3,3.9132303569627847,4.200205627363394,46
Historical Average,tt_kramatraya.csv,3,2.5018022371375044,2.9072747595049955,46
Historical Average,tt_lebakbulus.csv,3,5.8326451260110606,6.076885784543694,46
Historical Average,tt_lentengagung.csv,3,3.705363066300102,8.454737799082404,46
Historical Average,tt_mampang.csv,3,3.6341176240340523,4.3285822282705775,46
Historical Average,tt_manggadua.csv,3,3.8841556051503057,4.793283036527071,46
Historical Average,tt_martadinata.csv,3,4.062777975331182,4.473424306864379,46
Historical Average,tt_matraman.csv,3,4.725704856540846,4.911773635495715,46
Historical Average,tt_merak_toll_e.csv,3,1.8678406839785369,2.2864090323128043,46
Historical Average,tt_otista.csv,3,2.7368465506512187,3.2228265502034943,46
Historical Average,tt_pemuda.csv,3,1.733007057853367,3.9252824027515136,46
Historical Average,tt_perintis.csv,3,3.080057600270147,3.2049067313353183,46
Historical Average,tt_pluit.csv,3,1.0644421784774116,1.9697757447976685,46
Historical Average,tt_pondokindah.csv,3,3.0612399059793223,3.347246865521354,46
Historical Average,tt_pospengumben.csv,3,2.5128666421641475,2.9282749090369826,46
Historical Average,tt_pramuka.csv,3,5.3932000865107,5.865371883519635,46
Historical Average,tt_purikembangan.csv,3,6.466666843580163,7.871545102212502,46
Historical Average,tt_ragunan.csv,3,3.9354356682818867,4.2364652577499635,46
Historical Average,tt_rayabekasi_cakung.csv,3,3.557525634765625,4.07141704672549,46
Historical Average,tt_salemba.csv,3,3.6920159796009893,4.229339466327043,46
Historical Average,tt_supomo.csv,3,6.608974995820419,10.940840556108494,46
Historical Average,tt_tambun.csv,3,2.6614507592242695,3.163162406255253,46
Historical Average,tt_tendean.csv,3,10.658498598181684,12.16788827833194,46
Historical Average,tt_cawang.csv,6,9.766900610416494,10.55996443172238,47
Historical Average,tt_gatsu.csv,6,8.921950563471368,13.2407355367384,47
Historical Average,tt_grogol.csv,6,4.768687430848467,5.386549741112271,47
Historical Average,tt_kelapagading.csv,6,3.1035774312120803,3.367601851537974,47
Historical Average,tt_kuningan.csv,6,2.3760274927666845,2.9642279141357766,47
Historical Average,tt_sudirman.csv,6,7.830419012840758,8.479972062688914,47
Historical Average,tt_thamrin.csv,6,3.4920837726998837,4.101887961968791,47
Historical Average,tt_bekasi.csv,6,1.6055674451462767,1.6273351235813291,47
Historical Average,tt_bogor.csv,6,4.847938618761428,5.052731006039065,47
Historical Average,tt_bsd.csv,6,1.7393647863509807,2.403532547007719,47
Historical Average,tt_depok.csv,6,2.6803263806282205,2.8029503890923655,47
Historical Average,tt_kebonjeruk.csv,6,5.173961720568069,5.642973783652284,47
Historical Average,tt_tangerang.csv,6,5.847003449784949,6.859741719523921,47
Historical Average,tt_tbsimatupang.csv,6,16.223252235574925,18.52662599598925,47
Historical Average,tt_daanmogot.csv,6,5.02279764540652,5.81622500105961,47
Historical Average,tt_kalimalang.csv,6,0.630694125561004,1.2382638213635981,47
Historical Average,tt_lingkardalam.csv,6,5.019961661480843,5.798051323864872,47
Historical Average,tt_majapahit.csv,6,4.710477017341776,5.301759004434918,47
Historical Average,tt_merdekabar.csv,6,3.342418021344124,4.1510352889297675,47
Historical Average,tt_mtharyono.csv,6,1.0271786628885473,1.57773056837356,47
Historical Average,tt_rayabogor.csv,6,2.492122366073284,2.758974698324337,47
Historical Average,tt_sparman.csv,6,0.5562487257287857,1.397224367416328,47
Historical Average,tt_sudirman_s.csv,6,2.0573654174804688,2.3569927144231944,47
Historical Average,tt_sultanagung.csv,6,1.580840212233523,2.262881681968925,47
Historical Average,tt_cakungcilincing.csv,6,5.165468500015583,5.373759018392817,47
Historical Average,tt_cibinong.csv,6,4.390856803731715,4.7653387988309825,47
Historical Average,tt_cibitung.csv,6,1.0256640657465508,1.3321270258265407,47
Historical Average,tt_cijantung.csv,6,1.1327605146042845,1.532613613760457,47
Historical Average,tt_cilodong.csv,6,2.6923794036215924,2.972290313270765,47
Historical Average,tt_cimanggis.csv,6,1.7490378440694605,2.4927757243673514,47
Historical Average,tt_cipondoh.csv,6,4.288853787361307,4.486286243140465,47
Historical Average,tt_fatmawati.csv,6,6.001399182258768,6.61613646122971,47
Historical Average,tt_gadingserpong.csv,6,3.106832017289831,3.7760499354111468,47
Historical Average,tt_gajahmada.csv,6,2.6031204791779214,2.758853771462024,47
Historical Average,tt_gunungsahari.csv,6,3.165574662228848,3.541310228244635,47
Historical Average,tt_hayamwuruk.csv,6,4.193824524575091,4.393485706970809,47
Historical Average,tt_jatinegara.csv,6,3.8521816578317196,4.404175622126759,47
Historical Average,tt_jorr_west.csv,6,3.7370239014321185,3.9433386473501097,47
Historical Average,tt_kapukmuara.csv,6,4.2663377396603845,4.7493299842118155,47
Historical Average,tt_karawaci.csv,6,2.9165436764980885,4.203200210138936,47
Historical Average,tt_kedoya.csv,6,4.4367333675952665,4.755988288673392,47
Historical Average,tt_kemang.csv,6,3.989613066328333,4.28705337523642,47
Historical Average,tt_kramatraya.csv,6,2.5116342179318694,2.9084911460237715,47
Historical Average,tt_lebakbulus.csv,6,5.83329354955795,6.085784818241525,47
Historical Average,tt_lentengagung.csv,6,3.651665058541805,8.366085632132213,47
Historical Average,tt_mampang.csv,6,3.768254016308074,4.488708995160864,47
Historical Average,tt_manggadua.csv,6,4.050050329654775,5.000261304365114,47
Historical Average,tt_martadinata.csv,6,4.053761989512342,4.465509810255527,47
Historical Average,tt_matraman.csv,6,4.702067030237076,4.888069392878318,47
Historical Average,tt_merak_toll_e.csv,6,2.000608647123296,2.4625677046385306,47
Historical Average,tt_otista.csv,6,2.793256921971098,3.283796754196431,47
Historical Average,tt_pemuda.csv,6,1.708970455413169,3.8842964920594993,47
Historical Average,tt_perintis.csv,6,3.2085460094695395,3.38544239955122,47
Historical Average,tt_pluit.csv,6,1.0591853527312582,1.952351850997462,47
Historical Average,tt_pondokindah.csv,6,3.0450174859229553,3.3283797427029898,47
Historical Average,tt_pospengumben.csv,6,2.688721677090259,3.173113537681283,47
Historical Average,tt_pramuka.csv,6,5.35152768074198,5.831361411209539,47
Historical Average,tt_purikembangan.csv,6,7.027305116044714,8.646987941101345,47
Historical Average,tt_ragunan.csv,6,4.011596842015043,4.322150978256445,47
Historical Average,tt_rayabekasi_cakung.csv,6,3.5068742468001997,3.9676918887632886,47
Historical Average,tt_salemba.csv,6,3.8280078400956823,4.375242811017069,47
Historical Average,tt_supomo.csv,6,6.533017138217358,10.832896006863296,47
Historical Average,tt_tambun.csv,6,2.7720560114434423,3.2735091094973137,47
Historical Average,tt_tendean.csv,6,10.407350540161133,12.006472183579369,47
