source_index,target_index,source,target,distance_km
0,19,tt_cawang.csv,tt_mtharyono.csv,1.8790989144280856
0,36,tt_cawang.csv,tt_jatinegara.csv,3.38132809456965
0,48,tt_cawang.csv,tt_matraman.csv,2.7739685647865593
0,50,tt_cawang.csv,tt_otista.csv,1.241729175696454
0,61,tt_cawang.csv,tt_supomo.csv,1.8790989144252734
1,4,tt_gatsu.csv,tt_kuningan.csv,1.5456116152460926
1,5,tt_gatsu.csv,tt_sudirman.csv,3.0093446112566955
1,16,tt_gatsu.csv,tt_lingkardalam.csv,2.4696811537090135
1,22,tt_gatsu.csv,tt_sudirman_s.csv,3.1638301129252997
1,41,tt_gatsu.csv,tt_kemang.csv,3.2463354904769686
1,45,tt_gatsu.csv,tt_mampang.csv,1.4733357408503664
1,48,tt_gatsu.csv,tt_matraman.csv,2.469681153710272
1,61,tt_gatsu.csv,tt_supomo.csv,2.2847335234276436
1,63,tt_gatsu.csv,tt_tendean.csv,0.8198536734108334
2,11,tt_grogol.csv,tt_kebonjeruk.csv,3.909837285500024
2,14,tt_grogol.csv,tt_daanmogot.csv,3.9702805670787322
2,17,tt_grogol.csv,tt_majapahit.csv,3.0422102600095444
2,18,tt_grogol.csv,tt_merdekabar.csv,3.4806919017474685
2,21,tt_grogol.csv,tt_sparman.csv,2.1838178563574706
2,33,tt_grogol.csv,tt_gajahmada.csv,2.704111906547398
2,38,tt_grogol.csv,tt_kapukmuara.csv,7.5439367590752635
3,24,tt_kelapagading.csv,tt_cakungcilincing.csv,2.8768870658254393
3,47,tt_kelapagading.csv,tt_martadinata.csv,6.258894435749639
3,51,tt_kelapagading.csv,tt_pemuda.csv,3.774403234962378
3,52,tt_kelapagading.csv,tt_perintis.csv,3.2265517625248443
3,59,tt_kelapagading.csv,tt_rayabekasi_cakung.csv,4.583959994770028
4,5,tt_kuningan.csv,tt_sudirman.csv,1.5728206930978204
4,16,tt_kuningan.csv,tt_lingkardalam.csv,2.2550952024949087
4,22,tt_kuningan.csv,tt_sudirman_s.csv,3.2204021283700586
4,48,tt_kuningan.csv,tt_matraman.csv,2.255095202496287
4,63,tt_kuningan.csv,tt_tendean.csv,2.3455385721265114
5,6,tt_sudirman.csv,tt_thamrin.csv,2.3129633383491583
5,16,tt_sudirman.csv,tt_lingkardalam.csv,2.290614876006453
5,22,tt_sudirman.csv,tt_sudirman_s.csv,3.214293877412003
6,17,tt_thamrin.csv,tt_majapahit.csv,2.6287698201851764
6,18,tt_thamrin.csv,tt_merdekabar.csv,1.4289568959281496
6,21,tt_thamrin.csv,tt_sparman.csv,3.113254061253815
6,42,tt_thamrin.csv,tt_kramatraya.csv,2.521903114926112
6,60,tt_thamrin.csv,tt_salemba.csv,3.003366334279289
7,15,tt_bekasi.csv,tt_kalimalang.csv,2.0945315090670746
7,23,tt_bekasi.csv,tt_sultanagung.csv,3.7118871399316986
7,26,tt_bekasi.csv,tt_cibitung.csv,13.27593771638378
7,59,tt_bekasi.csv,tt_rayabekasi_cakung.csv,8.256548944599057
7,62,tt_bekasi.csv,tt_tambun.csv,8.855379162322095
8,10,tt_bogor.csv,tt_depok.csv,11.336965355686674
8,25,tt_bogor.csv,tt_cibinong.csv,2.4832189914271354
8,28,tt_bogor.csv,tt_cilodong.csv,7.78365561634735
8,29,tt_bogor.csv,tt_cimanggis.csv,15.286619447794676
9,32,tt_bsd.csv,tt_gadingserpong.csv,6.956811136609915
9,37,tt_bsd.csv,tt_jorr_west.csv,7.7378922311243645
9,49,tt_bsd.csv,tt_merak_toll_e.csv,11.076984842416485
9,55,tt_bsd.csv,tt_pospengumben.csv,10.65511277837673
10,20,tt_depok.csv,tt_rayabogor.csv,8.951262826056308
10,25,tt_depok.csv,tt_cibinong.csv,9.493141137052556
10,28,tt_depok.csv,tt_cilodong.csv,4.00148846391885
10,29,tt_depok.csv,tt_cimanggis.csv,7.919672140351026
11,14,tt_kebonjeruk.csv,tt_daanmogot.csv,4.435827225665658
11,21,tt_kebonjeruk.csv,tt_sparman.csv,2.9789771934996914
11,40,tt_kebonjeruk.csv,tt_kedoya.csv,1.658186156418416
11,55,tt_kebonjeruk.csv,tt_pospengumben.csv,5.538896691727669
11,57,tt_kebonjeruk.csv,tt_purikembangan.csv,4.55945636013685
12,30,tt_tangerang.csv,tt_cipondoh.csv,5.555152816575139
12,32,tt_tangerang.csv,tt_gadingserpong.csv,5.124422782471906
12,39,tt_tangerang.csv,tt_karawaci.csv,3.1358578943117226
12,49,tt_tangerang.csv,tt_merak_toll_e.csv,6.271656488579586
13,20,tt_tbsimatupang.csv,tt_rayabogor.csv,6.039094006816222
13,27,tt_tbsimatupang.csv,tt_cijantung.csv,4.305478690572258
13,31,tt_tbsimatupang.csv,tt_fatmawati.csv,2.544509556433411
13,41,tt_tbsimatupang.csv,tt_kemang.csv,3.7108202227545397
13,43,tt_tbsimatupang.csv,tt_lebakbulus.csv,4.09199961314486
13,44,tt_tbsimatupang.csv,tt_lentengagung.csv,2.5143107103933793
13,58,tt_tbsimatupang.csv,tt_ragunan.csv,0.5956936456937051
14,38,tt_daanmogot.csv,tt_kapukmuara.csv,4.907543296744631
14,40,tt_daanmogot.csv,tt_kedoya.csv,4.114217968640691
14,53,tt_daanmogot.csv,tt_pluit.csv,4.742373301497667
15,19,tt_kalimalang.csv,tt_mtharyono.csv,9.255505070139316
15,23,tt_kalimalang.csv,tt_sultanagung.csv,4.422718511179339
15,26,tt_kalimalang.csv,tt_cibitung.csv,14.42139284970842
15,62,tt_kalimalang.csv,tt_tambun.csv,9.489470140559012
16,22,tt_lingkardalam.csv,tt_sudirman_s.csv,0.9898674649202855
17,18,tt_majapahit.csv,tt_merdekabar.csv,1.1998139602755176
17,33,tt_majapahit.csv,tt_gajahmada.csv,1.6664526908177253
17,34,tt_majapahit.csv,tt_gunungsahari.csv,2.3415817534867642
17,35,tt_majapahit.csv,tt_hayamwuruk.csv,2.241010295494689
17,46,tt_majapahit.csv,tt_manggadua.csv,2.6054251215218684
18,21,tt_merdekabar.csv,tt_sparman.csv,2.9587217618397297
18,33,tt_merdekabar.csv,tt_gajahmada.csv,2.837321002511439
18,42,tt_merdekabar.csv,tt_kramatraya.csv,2.8566744956140457
19,36,tt_mtharyono.csv,tt_jatinegara.csv,3.5899037975432093
19,50,tt_mtharyono.csv,tt_otista.csv,2.6739628717561468
19,61,tt_mtharyono.csv,tt_supomo.csv,3.7581978283639845
20,27,tt_rayabogor.csv,tt_cijantung.csv,2.2915281468767974
20,29,tt_rayabogor.csv,tt_cimanggis.csv,5.236042225139154
20,44,tt_rayabogor.csv,tt_lentengagung.csv,3.546802907217767
23,26,tt_sultanagung.csv,tt_cibitung.csv,10.01002716945993
23,62,tt_sultanagung.csv,tt_tambun.csv,5.179723748074868
24,47,tt_cakungcilincing.csv,tt_martadinata.csv,7.095179361350988
24,51,tt_cakungcilincing.csv,tt_pemuda.csv,6.573855232136359
24,52,tt_cakungcilincing.csv,tt_perintis.csv,5.142440059385548
24,59,tt_cakungcilincing.csv,tt_rayabekasi_cakung.csv,3.1419433680731723
25,28,tt_cibinong.csv,tt_cilodong.csv,5.66848057355391
25,29,tt_cibinong.csv,tt_cimanggis.csv,12.828298366047802
26,62,tt_cibitung.csv,tt_tambun.csv,5.592957711871951
27,29,tt_cijantung.csv,tt_cimanggis.csv,7.450091093494256
27,44,tt_cijantung.csv,tt_lentengagung.csv,2.2104287372950773
27,58,tt_cijantung.csv,tt_ragunan.csv,4.725095127015184
28,29,tt_cilodong.csv,tt_cimanggis.csv,8.32095790125225
30,37,tt_cipondoh.csv,tt_jorr_west.csv,4.746822717262692
30,39,tt_cipondoh.csv,tt_karawaci.csv,8.22220453473859
30,55,tt_cipondoh.csv,tt_pospengumben.csv,6.455778479287846
30,57,tt_cipondoh.csv,tt_purikembangan.csv,5.637974736597721
31,43,tt_fatmawati.csv,tt_lebakbulus.csv,1.9617876350190928
31,54,tt_fatmawati.csv,tt_pondokindah.csv,2.30454414925073
31,58,tt_fatmawati.csv,tt_ragunan.csv,2.0172225850938115
32,37,tt_gadingserpong.csv,tt_jorr_west.csv,6.180348079848077
32,39,tt_gadingserpong.csv,tt_karawaci.csv,4.327178518114632
32,49,tt_gadingserpong.csv,tt_merak_toll_e.csv,5.554682084674348
33,34,tt_gajahmada.csv,tt_gunungsahari.csv,2.255394552431625
33,35,tt_gajahmada.csv,tt_hayamwuruk.csv,0.9546808953070183
33,38,tt_gajahmada.csv,tt_kapukmuara.csv,8.28068760228026
33,46,tt_gajahmada.csv,tt_manggadua.csv,1.731035949139835
33,53,tt_gajahmada.csv,tt_pluit.csv,4.862540330167803
34,35,tt_gunungsahari.csv,tt_hayamwuruk.csv,1.691556612544876
34,46,tt_gunungsahari.csv,tt_manggadua.csv,1.1078660408537917
34,47,tt_gunungsahari.csv,tt_martadinata.csv,7.095179361349892
35,46,tt_hayamwuruk.csv,tt_manggadua.csv,0.8427296075021653
35,53,tt_hayamwuruk.csv,tt_pluit.csv,4.824343780537046
36,48,tt_jatinegara.csv,tt_matraman.csv,2.4746949734747403
36,50,tt_jatinegara.csv,tt_otista.csv,2.4834724160765895
36,56,tt_jatinegara.csv,tt_pramuka.csv,2.834292947498007
37,55,tt_jorr_west.csv,tt_pospengumben.csv,4.025467250433753
37,57,tt_jorr_west.csv,tt_purikembangan.csv,5.108466783357566
38,53,tt_kapukmuara.csv,tt_pluit.csv,3.730638085845098
39,49,tt_karawaci.csv,tt_merak_toll_e.csv,3.1357985968008113
40,55,tt_kedoya.csv,tt_pospengumben.csv,4.331882086190498
40,57,tt_kedoya.csv,tt_purikembangan.csv,2.9789286206586545
41,45,tt_kemang.csv,tt_mampang.csv,1.9609291256259331
41,54,tt_kemang.csv,tt_pondokindah.csv,4.462219354359048
41,63,tt_kemang.csv,tt_tendean.csv,2.7453560418165908
42,56,tt_kramatraya.csv,tt_pramuka.csv,2.38319728168112
42,60,tt_kramatraya.csv,tt_salemba.csv,0.6456016180585495
43,54,tt_lebakbulus.csv,tt_pondokindah.csv,2.8342744154539883
43,58,tt_lebakbulus.csv,tt_ragunan.csv,3.497191411394488
44,58,tt_lentengagung.csv,tt_ragunan.csv,2.769136030763953
45,61,tt_mampang.csv,tt_supomo.csv,2.2357249288133683
45,63,tt_mampang.csv,tt_tendean.csv,0.8003780638813315
46,47,tt_manggadua.csv,tt_martadinata.csv,7.444012441765827
48,50,tt_matraman.csv,tt_otista.csv,1.5678993015102707
48,61,tt_matraman.csv,tt_supomo.csv,2.2348629400063813
50,61,tt_otista.csv,tt_supomo.csv,1.7308568740312615
51,52,tt_pemuda.csv,tt_perintis.csv,2.871221229517962
51,56,tt_pemuda.csv,tt_pramuka.csv,1.9965269863994046
51,59,tt_pemuda.csv,tt_rayabekasi_cakung.csv,7.240583990072623
51,60,tt_pemuda.csv,tt_salemba.csv,3.362730191919732
52,56,tt_perintis.csv,tt_pramuka.csv,4.434449091207701
52,59,tt_perintis.csv,tt_rayabekasi_cakung.csv,4.726066327687121
54,58,tt_pondokindah.csv,tt_ragunan.csv,4.212675549735781
55,57,tt_pospengumben.csv,tt_purikembangan.csv,2.223901604670608
56,60,tt_pramuka.csv,tt_salemba.csv,1.748933407430415
61,63,tt_supomo.csv,tt_tendean.csv,1.7997540210935794
