model,seed,horizon,node_index,corridor,MAE,RMSE,evaluated_points
Fixed ST-GNN,42,1,0,tt_cawang.csv,6.638584136962891,9.382904382616308,46
Fixed ST-GNN,42,1,1,tt_gatsu.csv,7.768824100494385,11.520966366395877,46
Fixed ST-GNN,42,1,2,tt_grogol.csv,2.7945995330810547,3.9610321214197373,46
Fixed ST-GNN,42,1,3,tt_kelapagading.csv,1.7919632196426392,2.476635760357918,46
Fixed ST-GNN,42,1,4,tt_kuningan.csv,2.335540533065796,2.9285339525862075,46
Fixed ST-GNN,42,1,5,tt_sudirman.csv,5.068037509918213,6.313997298831259,46
Fixed ST-GNN,42,1,6,tt_thamrin.csv,2.1439101696014404,3.076744273382418,46
Fixed ST-GNN,42,1,7,tt_bekasi.csv,0.6460452079772949,1.0114490046334512,46
Fixed ST-GNN,42,1,8,tt_bogor.csv,3.5407357215881348,5.056131383685732,46
Fixed ST-GNN,42,1,9,tt_bsd.csv,1.7876261472702026,2.4662595331285218,46
Fixed ST-GNN,42,1,10,tt_depok.csv,2.0134620666503906,2.646759401789882,46
Fixed ST-GNN,42,1,11,tt_kebonjeruk.csv,2.751479148864746,3.793638631829433,46
Fixed ST-GNN,42,1,12,tt_tangerang.csv,4.647202491760254,6.286795677945978,46
Fixed ST-GNN,42,1,13,tt_tbsimatupang.csv,10.148393630981445,13.818442054743816,46
Fixed ST-GNN,42,1,14,tt_daanmogot.csv,4.05033016204834,5.081856163814768,46
Fixed ST-GNN,42,1,15,tt_kalimalang.csv,0.7339313626289368,1.5148605306403193,46
Fixed ST-GNN,42,1,16,tt_lingkardalam.csv,3.108077049255371,4.116233526962037,46
Fixed ST-GNN,42,1,17,tt_majapahit.csv,2.809141159057617,3.9705527709174984,46
Fixed ST-GNN,42,1,18,tt_merdekabar.csv,3.5286192893981934,4.742509255970804,46
Fixed ST-GNN,42,1,19,tt_mtharyono.csv,2.329611301422119,2.7661095318680458,46
Fixed ST-GNN,42,1,20,tt_rayabogor.csv,1.5562100410461426,2.232305995974088,46
Fixed ST-GNN,42,1,21,tt_sparman.csv,1.3793820142745972,1.8610921031620187,46
Fixed ST-GNN,42,1,22,tt_sudirman_s.csv,2.036118268966675,2.491424730817902,46
Fixed ST-GNN,42,1,23,tt_sultanagung.csv,1.3064029216766357,2.0313665503296288,46
Fixed ST-GNN,42,1,24,tt_cakungcilincing.csv,3.341357469558716,4.382263693218871,46
Fixed ST-GNN,42,1,25,tt_cibinong.csv,3.7221271991729736,4.604303395354147,46
Fixed ST-GNN,42,1,26,tt_cibitung.csv,0.902556300163269,1.3224291115783262,46
Fixed ST-GNN,42,1,27,tt_cijantung.csv,1.51980721950531,2.1000736450724253,46
Fixed ST-GNN,42,1,28,tt_cilodong.csv,2.389090061187744,3.0748087257504606,46
Fixed ST-GNN,42,1,29,tt_cimanggis.csv,2.231518030166626,2.880699148086643,46
Fixed ST-GNN,42,1,30,tt_cipondoh.csv,2.5476436614990234,3.378091173593723,46
Fixed ST-GNN,42,1,31,tt_fatmawati.csv,5.204013347625732,6.957505532857742,46
Fixed ST-GNN,42,1,32,tt_gadingserpong.csv,2.7695231437683105,3.9244917084869617,46
Fixed ST-GNN,42,1,33,tt_gajahmada.csv,1.5954135656356812,2.179024653672991,46
Fixed ST-GNN,42,1,34,tt_gunungsahari.csv,1.7152338027954102,2.19231364729429,46
Fixed ST-GNN,42,1,35,tt_hayamwuruk.csv,2.375706672668457,3.4289591717585255,46
Fixed ST-GNN,42,1,36,tt_jatinegara.csv,2.666806697845459,3.3645022985819293,46
Fixed ST-GNN,42,1,37,tt_jorr_west.csv,1.8449949026107788,2.8715499411704877,46
Fixed ST-GNN,42,1,38,tt_kapukmuara.csv,3.0191853046417236,4.171605247891785,46
Fixed ST-GNN,42,1,39,tt_karawaci.csv,2.6463892459869385,3.515224179624967,46
Fixed ST-GNN,42,1,40,tt_kedoya.csv,2.192866563796997,3.001425881084041,46
Fixed ST-GNN,42,1,41,tt_kemang.csv,2.268566846847534,3.048893499559352,46
Fixed ST-GNN,42,1,42,tt_kramatraya.csv,2.1421821117401123,3.1242212469611332,46
Fixed ST-GNN,42,1,43,tt_lebakbulus.csv,3.0167784690856934,4.5133788122217595,46
Fixed ST-GNN,42,1,44,tt_lentengagung.csv,5.062880039215088,8.30649940914234,46
Fixed ST-GNN,42,1,45,tt_mampang.csv,2.3048863410949707,3.300554581483106,46
Fixed ST-GNN,42,1,46,tt_manggadua.csv,2.577930212020874,3.9489494858286016,46
Fixed ST-GNN,42,1,47,tt_martadinata.csv,3.6085944175720215,4.566553901523824,46
Fixed ST-GNN,42,1,48,tt_matraman.csv,2.8961334228515625,3.7031936317232517,46
Fixed ST-GNN,42,1,49,tt_merak_toll_e.csv,1.4474902153015137,2.263540532380575,46
Fixed ST-GNN,42,1,50,tt_otista.csv,1.6283018589019775,2.1856836680129748,46
Fixed ST-GNN,42,1,51,tt_pemuda.csv,2.959968328475952,4.1291196654281865,46
Fixed ST-GNN,42,1,52,tt_perintis.csv,2.479825258255005,3.28957669187185,46
Fixed ST-GNN,42,1,53,tt_pluit.csv,2.3803186416625977,3.146382989084683,46
Fixed ST-GNN,42,1,54,tt_pondokindah.csv,2.1285388469696045,2.912735460447589,46
Fixed ST-GNN,42,1,55,tt_pospengumben.csv,2.1753673553466797,2.8835246542664925,46
Fixed ST-GNN,42,1,56,tt_pramuka.csv,3.4570162296295166,4.723402950300578,46
Fixed ST-GNN,42,1,57,tt_purikembangan.csv,8.836304664611816,10.293484258319411,46
Fixed ST-GNN,42,1,58,tt_ragunan.csv,2.2001967430114746,3.036401677243781,46
Fixed ST-GNN,42,1,59,tt_rayabekasi_cakung.csv,3.0571231842041016,4.108029917770542,46
Fixed ST-GNN,42,1,60,tt_salemba.csv,2.5873055458068848,3.317090434569254,46
Fixed ST-GNN,42,1,61,tt_supomo.csv,5.681229114532471,8.474087430271116,46
Fixed ST-GNN,42,1,62,tt_tambun.csv,2.2360568046569824,2.817586410808557,46
Fixed ST-GNN,42,1,63,tt_tendean.csv,7.5498046875,9.99377400178872,46
Fixed ST-GNN,42,3,0,tt_cawang.csv,7.680083751678467,10.458442555701971,46
Fixed ST-GNN,42,3,1,tt_gatsu.csv,8.728065490722656,12.49034722510591,46
Fixed ST-GNN,42,3,2,tt_grogol.csv,3.771355628967285,5.093612762661896,46
Fixed ST-GNN,42,3,3,tt_kelapagading.csv,2.733128547668457,3.351358616458531,46
Fixed ST-GNN,42,3,4,tt_kuningan.csv,2.8700716495513916,3.7366649039199396,46
Fixed ST-GNN,42,3,5,tt_sudirman.csv,7.1740641593933105,8.491824088791551,46
Fixed ST-GNN,42,3,6,tt_thamrin.csv,2.832184076309204,3.7745757666687196,46
Fixed ST-GNN,42,3,7,tt_bekasi.csv,0.7611299753189087,1.1358704433037015,46
Fixed ST-GNN,42,3,8,tt_bogor.csv,4.495718955993652,5.813137552715152,46
Fixed ST-GNN,42,3,9,tt_bsd.csv,1.807860016822815,2.377201866606959,46
Fixed ST-GNN,42,3,10,tt_depok.csv,2.2574825286865234,2.7113568863787965,46
Fixed ST-GNN,42,3,11,tt_kebonjeruk.csv,4.065789222717285,5.443222367198453,46
Fixed ST-GNN,42,3,12,tt_tangerang.csv,5.230466365814209,6.547077184937363,46
Fixed ST-GNN,42,3,13,tt_tbsimatupang.csv,12.1954345703125,16.376670693934653,46
Fixed ST-GNN,42,3,14,tt_daanmogot.csv,5.192070484161377,6.181072865909416,46
Fixed ST-GNN,42,3,15,tt_kalimalang.csv,0.8053947687149048,1.5220919413322747,46
Fixed ST-GNN,42,3,16,tt_lingkardalam.csv,4.11435079574585,4.979655838989305,46
Fixed ST-GNN,42,3,17,tt_majapahit.csv,3.500483989715576,4.765657218448982,46
Fixed ST-GNN,42,3,18,tt_merdekabar.csv,2.814934492111206,4.172841163799061,46
Fixed ST-GNN,42,3,19,tt_mtharyono.csv,3.095630168914795,3.426986291008081,46
Fixed ST-GNN,42,3,20,tt_rayabogor.csv,2.0909793376922607,2.731765635545778,46
Fixed ST-GNN,42,3,21,tt_sparman.csv,1.5964797735214233,2.006000101562984,46
Fixed ST-GNN,42,3,22,tt_sudirman_s.csv,1.8263782262802124,2.148043509683784,46
Fixed ST-GNN,42,3,23,tt_sultanagung.csv,1.2135043144226074,2.032751965922591,46
Fixed ST-GNN,42,3,24,tt_cakungcilincing.csv,5.119768142700195,5.921083905767644,46
Fixed ST-GNN,42,3,25,tt_cibinong.csv,4.280622959136963,5.136462906532621,46
Fixed ST-GNN,42,3,26,tt_cibitung.csv,0.9055782556533813,1.2924445896335166,46
Fixed ST-GNN,42,3,27,tt_cijantung.csv,1.5964245796203613,2.2120038483777638,46
Fixed ST-GNN,42,3,28,tt_cilodong.csv,2.595900774002075,3.232047750252479,46
Fixed ST-GNN,42,3,29,tt_cimanggis.csv,2.0782577991485596,2.6899261169497644,46
Fixed ST-GNN,42,3,30,tt_cipondoh.csv,3.7725279331207275,4.8184731805951,46
Fixed ST-GNN,42,3,31,tt_fatmawati.csv,5.564316749572754,7.090658850355791,46
Fixed ST-GNN,42,3,32,tt_gadingserpong.csv,3.0456840991973877,3.7852043723559934,46
Fixed ST-GNN,42,3,33,tt_gajahmada.csv,2.067439317703247,2.691928408703818,46
Fixed ST-GNN,42,3,34,tt_gunungsahari.csv,2.5357205867767334,2.8448797643693595,46
Fixed ST-GNN,42,3,35,tt_hayamwuruk.csv,3.7214128971099854,4.581308969740057,46
Fixed ST-GNN,42,3,36,tt_jatinegara.csv,3.476177930831909,4.253250898281848,46
Fixed ST-GNN,42,3,37,tt_jorr_west.csv,2.666337728500366,3.721776163757078,46
Fixed ST-GNN,42,3,38,tt_kapukmuara.csv,4.004571914672852,4.894316915947563,46
Fixed ST-GNN,42,3,39,tt_karawaci.csv,2.8309028148651123,3.5157252318611056,46
Fixed ST-GNN,42,3,40,tt_kedoya.csv,3.35446834564209,4.023604839511581,46
Fixed ST-GNN,42,3,41,tt_kemang.csv,2.8655734062194824,3.6822654942612503,46
Fixed ST-GNN,42,3,42,tt_kramatraya.csv,1.9077343940734863,2.737327072046585,46
Fixed ST-GNN,42,3,43,tt_lebakbulus.csv,4.758486747741699,6.042496863140638,46
Fixed ST-GNN,42,3,44,tt_lentengagung.csv,5.321641445159912,8.915997441451886,46
Fixed ST-GNN,42,3,45,tt_mampang.csv,3.2772605419158936,4.432055935117665,46
Fixed ST-GNN,42,3,46,tt_manggadua.csv,3.087531328201294,4.317168873523427,46
Fixed ST-GNN,42,3,47,tt_martadinata.csv,3.660341739654541,4.455918463188699,46
Fixed ST-GNN,42,3,48,tt_matraman.csv,4.043182849884033,5.150192864519546,46
Fixed ST-GNN,42,3,49,tt_merak_toll_e.csv,1.887534737586975,2.60856698140419,46
Fixed ST-GNN,42,3,50,tt_otista.csv,1.8667429685592651,2.370863977199571,46
Fixed ST-GNN,42,3,51,tt_pemuda.csv,3.379112482070923,4.413328720812582,46
Fixed ST-GNN,42,3,52,tt_perintis.csv,2.7662100791931152,3.2532622763685644,46
Fixed ST-GNN,42,3,53,tt_pluit.csv,2.774090528488159,3.380738501368633,46
Fixed ST-GNN,42,3,54,tt_pondokindah.csv,2.5602312088012695,3.3510921121503374,46
Fixed ST-GNN,42,3,55,tt_pospengumben.csv,2.577402114868164,3.3603241755005016,46
Fixed ST-GNN,42,3,56,tt_pramuka.csv,4.614948272705078,5.567546826676568,46
Fixed ST-GNN,42,3,57,tt_purikembangan.csv,7.7781782150268555,8.925220510285813,46
Fixed ST-GNN,42,3,58,tt_ragunan.csv,3.15447735786438,3.8993079182742307,46
Fixed ST-GNN,42,3,59,tt_rayabekasi_cakung.csv,3.47886061668396,4.516110298451888,46
Fixed ST-GNN,42,3,60,tt_salemba.csv,3.486032247543335,4.091320685671429,46
Fixed ST-GNN,42,3,61,tt_supomo.csv,7.744733810424805,11.513075319840155,46
Fixed ST-GNN,42,3,62,tt_tambun.csv,2.568958044052124,3.156892012461739,46
Fixed ST-GNN,42,3,63,tt_tendean.csv,9.547052383422852,12.572810406724406,46
Fixed ST-GNN,42,6,0,tt_cawang.csv,9.093830108642578,11.21149586207532,47
Fixed ST-GNN,42,6,1,tt_gatsu.csv,8.501618385314941,12.175479849694323,47
Fixed ST-GNN,42,6,2,tt_grogol.csv,3.843423366546631,4.787053394651774,47
Fixed ST-GNN,42,6,3,tt_kelapagading.csv,3.369654655456543,3.7465309627795573,47
Fixed ST-GNN,42,6,4,tt_kuningan.csv,3.3536429405212402,4.1216951482837425,47
Fixed ST-GNN,42,6,5,tt_sudirman.csv,8.49135684967041,9.256434496599852,47
Fixed ST-GNN,42,6,6,tt_thamrin.csv,3.0977468490600586,4.033852143981834,47
Fixed ST-GNN,42,6,7,tt_bekasi.csv,0.9217037558555603,1.4336236020340067,47
Fixed ST-GNN,42,6,8,tt_bogor.csv,4.576512813568115,5.3553649313537575,47
Fixed ST-GNN,42,6,9,tt_bsd.csv,1.7233141660690308,2.1297826240549336,47
Fixed ST-GNN,42,6,10,tt_depok.csv,2.413461923599243,2.7862493608969445,47
Fixed ST-GNN,42,6,11,tt_kebonjeruk.csv,3.9699931144714355,5.113387932185424,47
Fixed ST-GNN,42,6,12,tt_tangerang.csv,5.344942092895508,6.6483841388501945,47
Fixed ST-GNN,42,6,13,tt_tbsimatupang.csv,12.966246604919434,16.50414154787888,47
Fixed ST-GNN,42,6,14,tt_daanmogot.csv,5.444060802459717,6.414178473182661,47
Fixed ST-GNN,42,6,15,tt_kalimalang.csv,0.7112323045730591,1.4636699398568573,47
Fixed ST-GNN,42,6,16,tt_lingkardalam.csv,4.093750476837158,4.999692907439533,47
Fixed ST-GNN,42,6,17,tt_majapahit.csv,3.759420871734619,4.587277582166216,47
Fixed ST-GNN,42,6,18,tt_merdekabar.csv,3.176814556121826,4.647855424099911,47
Fixed ST-GNN,42,6,19,tt_mtharyono.csv,3.193185567855835,3.6775041002656548,47
Fixed ST-GNN,42,6,20,tt_rayabogor.csv,2.540095329284668,3.0921757864091712,47
Fixed ST-GNN,42,6,21,tt_sparman.csv,1.6717095375061035,2.1287608805729485,47
Fixed ST-GNN,42,6,22,tt_sudirman_s.csv,2.347337007522583,2.6900951364420425,47
Fixed ST-GNN,42,6,23,tt_sultanagung.csv,1.5084609985351562,2.589418954662631,47
Fixed ST-GNN,42,6,24,tt_cakungcilincing.csv,6.243234634399414,6.609283518778098,47
Fixed ST-GNN,42,6,25,tt_cibinong.csv,4.8614983558654785,5.66383620237589,47
Fixed ST-GNN,42,6,26,tt_cibitung.csv,0.9820037484169006,1.4649950279958674,47
Fixed ST-GNN,42,6,27,tt_cijantung.csv,1.4939556121826172,2.2344491586182826,47
Fixed ST-GNN,42,6,28,tt_cilodong.csv,2.759936809539795,3.1800445431162774,47
Fixed ST-GNN,42,6,29,tt_cimanggis.csv,2.182328939437866,2.676669453690322,47
Fixed ST-GNN,42,6,30,tt_cipondoh.csv,3.385592222213745,4.529767023962914,47
Fixed ST-GNN,42,6,31,tt_fatmawati.csv,4.981719970703125,6.4640208478345915,47
Fixed ST-GNN,42,6,32,tt_gadingserpong.csv,3.7046403884887695,4.159240335280708,47
Fixed ST-GNN,42,6,33,tt_gajahmada.csv,2.4337732791900635,3.094766931339736,47
Fixed ST-GNN,42,6,34,tt_gunungsahari.csv,2.5418577194213867,2.8699575238955792,47
Fixed ST-GNN,42,6,35,tt_hayamwuruk.csv,4.318530559539795,4.86685439144017,47
Fixed ST-GNN,42,6,36,tt_jatinegara.csv,3.7404379844665527,4.337262475273885,47
Fixed ST-GNN,42,6,37,tt_jorr_west.csv,2.716799020767212,3.51222871974961,47
Fixed ST-GNN,42,6,38,tt_kapukmuara.csv,3.85005784034729,4.609801812535382,47
Fixed ST-GNN,42,6,39,tt_karawaci.csv,2.978059768676758,3.3615065798248938,47
Fixed ST-GNN,42,6,40,tt_kedoya.csv,3.278190851211548,4.071198526255572,47
Fixed ST-GNN,42,6,41,tt_kemang.csv,2.584841251373291,3.3275141625565112,47
Fixed ST-GNN,42,6,42,tt_kramatraya.csv,2.0567550659179688,2.9053513973258656,47
Fixed ST-GNN,42,6,43,tt_lebakbulus.csv,5.408441543579102,6.130110185388984,47
Fixed ST-GNN,42,6,44,tt_lentengagung.csv,4.699798107147217,7.9242195106076485,47
Fixed ST-GNN,42,6,45,tt_mampang.csv,2.7863786220550537,3.611217078259893,47
Fixed ST-GNN,42,6,46,tt_manggadua.csv,3.5983645915985107,4.64474787098656,47
Fixed ST-GNN,42,6,47,tt_martadinata.csv,3.6570675373077393,4.420355114372397,47
Fixed ST-GNN,42,6,48,tt_matraman.csv,3.686018228530884,4.63129573907544,47
Fixed ST-GNN,42,6,49,tt_merak_toll_e.csv,2.0472798347473145,2.7845233128496996,47
Fixed ST-GNN,42,6,50,tt_otista.csv,2.093590497970581,2.5859756697404843,47
Fixed ST-GNN,42,6,51,tt_pemuda.csv,3.791816234588623,4.3545978582084786,47
Fixed ST-GNN,42,6,52,tt_perintis.csv,3.191837787628174,3.581329509924322,47
Fixed ST-GNN,42,6,53,tt_pluit.csv,2.4447247982025146,3.1723409977500623,47
Fixed ST-GNN,42,6,54,tt_pondokindah.csv,2.9052116870880127,3.687735081307662,47
Fixed ST-GNN,42,6,55,tt_pospengumben.csv,2.7135322093963623,3.3728486727921347,47
Fixed ST-GNN,42,6,56,tt_pramuka.csv,4.853475093841553,5.539104509934133,47
Fixed ST-GNN,42,6,57,tt_purikembangan.csv,6.843055725097656,8.027598460070909,47
Fixed ST-GNN,42,6,58,tt_ragunan.csv,3.4842913150787354,3.987260200201859,47
Fixed ST-GNN,42,6,59,tt_rayabekasi_cakung.csv,3.4300825595855713,4.291153194981257,47
Fixed ST-GNN,42,6,60,tt_salemba.csv,3.917684316635132,4.425895669237537,47
Fixed ST-GNN,42,6,61,tt_supomo.csv,7.164628505706787,10.397485473064998,47
Fixed ST-GNN,42,6,62,tt_tambun.csv,2.5898609161376953,2.993691327947624,47
Fixed ST-GNN,42,6,63,tt_tendean.csv,10.285235404968262,12.779380904173149,47
Fixed ST-GNN,123,1,0,tt_cawang.csv,6.80540657043457,9.434913129138739,46
Fixed ST-GNN,123,1,1,tt_gatsu.csv,7.884450435638428,11.657630327327798,46
Fixed ST-GNN,123,1,2,tt_grogol.csv,2.727916955947876,3.8939742414095693,46
Fixed ST-GNN,123,1,3,tt_kelapagading.csv,1.8504524230957031,2.5638067123709694,46
Fixed ST-GNN,123,1,4,tt_kuningan.csv,2.2024781703948975,2.7978646855604103,46
Fixed ST-GNN,123,1,5,tt_sudirman.csv,4.908401966094971,6.158829666529845,46
Fixed ST-GNN,123,1,6,tt_thamrin.csv,2.264068365097046,3.095474995291057,46
Fixed ST-GNN,123,1,7,tt_bekasi.csv,0.6603542566299438,0.9963838341871316,46
Fixed ST-GNN,123,1,8,tt_bogor.csv,3.6483566761016846,5.168294076057999,46
Fixed ST-GNN,123,1,9,tt_bsd.csv,1.7701162099838257,2.5046192409759302,46
Fixed ST-GNN,123,1,10,tt_depok.csv,1.989823341369629,2.7032733501673665,46
Fixed ST-GNN,123,1,11,tt_kebonjeruk.csv,2.8815627098083496,3.94851524358007,46
Fixed ST-GNN,123,1,12,tt_tangerang.csv,4.653347015380859,6.388856675808547,46
Fixed ST-GNN,123,1,13,tt_tbsimatupang.csv,10.267535209655762,13.553907353269596,46
Fixed ST-GNN,123,1,14,tt_daanmogot.csv,3.9207520484924316,5.025442052727041,46
Fixed ST-GNN,123,1,15,tt_kalimalang.csv,0.7701836228370667,1.525340530022292,46
Fixed ST-GNN,123,1,16,tt_lingkardalam.csv,3.162640333175659,4.045172255800927,46
Fixed ST-GNN,123,1,17,tt_majapahit.csv,2.6332297325134277,3.698120340818533,46
Fixed ST-GNN,123,1,18,tt_merdekabar.csv,3.610599994659424,4.671723532374262,46
Fixed ST-GNN,123,1,19,tt_mtharyono.csv,2.019129991531372,2.5365534666003238,46
Fixed ST-GNN,123,1,20,tt_rayabogor.csv,1.547107219696045,2.108423428124532,46
Fixed ST-GNN,123,1,21,tt_sparman.csv,1.369150996208191,1.8553040120125182,46
Fixed ST-GNN,123,1,22,tt_sudirman_s.csv,1.9491897821426392,2.450161839025037,46
Fixed ST-GNN,123,1,23,tt_sultanagung.csv,1.5346437692642212,2.0615125662165985,46
Fixed ST-GNN,123,1,24,tt_cakungcilincing.csv,3.5139448642730713,4.532085262792794,46
Fixed ST-GNN,123,1,25,tt_cibinong.csv,3.73190975189209,4.585437545948365,46
Fixed ST-GNN,123,1,26,tt_cibitung.csv,0.9855032563209534,1.3398845877693608,46
Fixed ST-GNN,123,1,27,tt_cijantung.csv,1.4867740869522095,2.1073064763643536,46
Fixed ST-GNN,123,1,28,tt_cilodong.csv,2.4200098514556885,3.1470471665563378,46
Fixed ST-GNN,123,1,29,tt_cimanggis.csv,2.2207987308502197,2.8201059704342244,46
Fixed ST-GNN,123,1,30,tt_cipondoh.csv,2.7386271953582764,3.535399033444965,46
Fixed ST-GNN,123,1,31,tt_fatmawati.csv,5.222603797912598,6.926008449900686,46
Fixed ST-GNN,123,1,32,tt_gadingserpong.csv,2.661513328552246,3.9244601176035214,46
Fixed ST-GNN,123,1,33,tt_gajahmada.csv,1.4259231090545654,2.052565839039052,46
Fixed ST-GNN,123,1,34,tt_gunungsahari.csv,1.8402553796768188,2.2591003124361633,46
Fixed ST-GNN,123,1,35,tt_hayamwuruk.csv,2.5091471672058105,3.3180399219486523,46
Fixed ST-GNN,123,1,36,tt_jatinegara.csv,2.8294949531555176,3.50414874918587,46
Fixed ST-GNN,123,1,37,tt_jorr_west.csv,2.0537314414978027,2.958179648978798,46
Fixed ST-GNN,123,1,38,tt_kapukmuara.csv,3.0327978134155273,4.170272919576713,46
Fixed ST-GNN,123,1,39,tt_karawaci.csv,2.6009392738342285,3.5370101535641676,46
Fixed ST-GNN,123,1,40,tt_kedoya.csv,2.386744976043701,3.094802677353658,46
Fixed ST-GNN,123,1,41,tt_kemang.csv,2.285571575164795,3.081494496145166,46
Fixed ST-GNN,123,1,42,tt_kramatraya.csv,2.296870231628418,3.0999977911664414,46
Fixed ST-GNN,123,1,43,tt_lebakbulus.csv,3.1141881942749023,4.688173983121841,46
Fixed ST-GNN,123,1,44,tt_lentengagung.csv,5.001830577850342,8.639165330765739,46
Fixed ST-GNN,123,1,45,tt_mampang.csv,2.3972885608673096,3.3656856435768616,46
Fixed ST-GNN,123,1,46,tt_manggadua.csv,2.6573872566223145,3.982787650065609,46
Fixed ST-GNN,123,1,47,tt_martadinata.csv,3.693239688873291,4.649154479567003,46
Fixed ST-GNN,123,1,48,tt_matraman.csv,2.931135654449463,3.7049788973023268,46
Fixed ST-GNN,123,1,49,tt_merak_toll_e.csv,1.800380825996399,2.3096079914011582,46
Fixed ST-GNN,123,1,50,tt_otista.csv,1.7098815441131592,2.200460459465949,46
Fixed ST-GNN,123,1,51,tt_pemuda.csv,3.0054566860198975,4.156755000819849,46
Fixed ST-GNN,123,1,52,tt_perintis.csv,2.556442975997925,3.270294355623713,46
Fixed ST-GNN,123,1,53,tt_pluit.csv,2.4565532207489014,3.286650654545508,46
Fixed ST-GNN,123,1,54,tt_pondokindah.csv,2.0151987075805664,2.738300840386636,46
Fixed ST-GNN,123,1,55,tt_pospengumben.csv,2.193920373916626,2.9107203404115363,46
Fixed ST-GNN,123,1,56,tt_pramuka.csv,3.487103223800659,4.916299235089877,46
Fixed ST-GNN,123,1,57,tt_purikembangan.csv,7.8099894523620605,9.512623080085195,46
Fixed ST-GNN,123,1,58,tt_ragunan.csv,2.2213196754455566,3.031891902325222,46
Fixed ST-GNN,123,1,59,tt_rayabekasi_cakung.csv,3.115626573562622,4.171398349921233,46
Fixed ST-GNN,123,1,60,tt_salemba.csv,2.5968780517578125,3.392750017009429,46
Fixed ST-GNN,123,1,61,tt_supomo.csv,5.644893646240234,8.561573730265337,46
Fixed ST-GNN,123,1,62,tt_tambun.csv,2.2436020374298096,2.800852073720993,46
Fixed ST-GNN,123,1,63,tt_tendean.csv,7.6857147216796875,10.190911406393873,46
Fixed ST-GNN,123,3,0,tt_cawang.csv,7.794547080993652,10.398434932029172,46
Fixed ST-GNN,123,3,1,tt_gatsu.csv,8.503067016601562,11.851572156184266,46
Fixed ST-GNN,123,3,2,tt_grogol.csv,3.6222381591796875,4.7811201489337245,46
Fixed ST-GNN,123,3,3,tt_kelapagading.csv,2.6632444858551025,3.367435879850903,46
Fixed ST-GNN,123,3,4,tt_kuningan.csv,2.5296828746795654,3.3025729581526124,46
Fixed ST-GNN,123,3,5,tt_sudirman.csv,6.814729690551758,8.175957150669873,46
Fixed ST-GNN,123,3,6,tt_thamrin.csv,2.8672478199005127,3.7142532472973073,46
Fixed ST-GNN,123,3,7,tt_bekasi.csv,0.8189735412597656,1.18910685793614,46
Fixed ST-GNN,123,3,8,tt_bogor.csv,4.711426258087158,5.96600086752578,46
Fixed ST-GNN,123,3,9,tt_bsd.csv,1.8172439336776733,2.384848703347889,46
Fixed ST-GNN,123,3,10,tt_depok.csv,2.30377459526062,2.8165280637177603,46
Fixed ST-GNN,123,3,11,tt_kebonjeruk.csv,4.082880973815918,5.5472888201160195,46
Fixed ST-GNN,123,3,12,tt_tangerang.csv,5.455949783325195,6.905776892289816,46
Fixed ST-GNN,123,3,13,tt_tbsimatupang.csv,12.473114013671875,16.11644902573823,46
Fixed ST-GNN,123,3,14,tt_daanmogot.csv,5.202512264251709,6.274212439002709,46
Fixed ST-GNN,123,3,15,tt_kalimalang.csv,0.8431699872016907,1.5160489620012068,46
Fixed ST-GNN,123,3,16,tt_lingkardalam.csv,3.9929115772247314,4.882155424538988,46
Fixed ST-GNN,123,3,17,tt_majapahit.csv,3.1247777938842773,4.2673691757342525,46
Fixed ST-GNN,123,3,18,tt_merdekabar.csv,2.8256430625915527,4.064977975858402,46
Fixed ST-GNN,123,3,19,tt_mtharyono.csv,2.4706199169158936,2.948161480087361,46
Fixed ST-GNN,123,3,20,tt_rayabogor.csv,1.9811031818389893,2.5215517917074277,46
Fixed ST-GNN,123,3,21,tt_sparman.csv,1.4758187532424927,1.8579466005377627,46
Fixed ST-GNN,123,3,22,tt_sudirman_s.csv,1.6271214485168457,1.9261124579495184,46
Fixed ST-GNN,123,3,23,tt_sultanagung.csv,1.4086880683898926,2.000656854530246,46
Fixed ST-GNN,123,3,24,tt_cakungcilincing.csv,4.995084285736084,5.8929238121588,46
Fixed ST-GNN,123,3,25,tt_cibinong.csv,4.247691631317139,5.13217386717415,46
Fixed ST-GNN,123,3,26,tt_cibitung.csv,0.84172523021698,1.2621816252580926,46
Fixed ST-GNN,123,3,27,tt_cijantung.csv,1.586024522781372,2.2119314163571446,46
Fixed ST-GNN,123,3,28,tt_cilodong.csv,2.694753646850586,3.3339986772906465,46
Fixed ST-GNN,123,3,29,tt_cimanggis.csv,2.1274125576019287,2.622956979536226,46
Fixed ST-GNN,123,3,30,tt_cipondoh.csv,3.9004151821136475,4.86992694306456,46
Fixed ST-GNN,123,3,31,tt_fatmawati.csv,5.848720550537109,7.142900167063156,46
Fixed ST-GNN,123,3,32,tt_gadingserpong.csv,3.0966696739196777,3.844273229202966,46
Fixed ST-GNN,123,3,33,tt_gajahmada.csv,1.9968152046203613,2.6622273229384907,46
Fixed ST-GNN,123,3,34,tt_gunungsahari.csv,2.5009775161743164,2.8831216289732926,46
Fixed ST-GNN,123,3,35,tt_hayamwuruk.csv,3.6524031162261963,4.458387404259522,46
Fixed ST-GNN,123,3,36,tt_jatinegara.csv,3.639303684234619,4.394922291629613,46
Fixed ST-GNN,123,3,37,tt_jorr_west.csv,2.816063642501831,3.873894072195673,46
Fixed ST-GNN,123,3,38,tt_kapukmuara.csv,4.019471645355225,4.904173976705845,46
Fixed ST-GNN,123,3,39,tt_karawaci.csv,2.811985492706299,3.566700383202261,46
Fixed ST-GNN,123,3,40,tt_kedoya.csv,3.487293004989624,4.218803574963639,46
Fixed ST-GNN,123,3,41,tt_kemang.csv,2.851022481918335,3.763809716274491,46
Fixed ST-GNN,123,3,42,tt_kramatraya.csv,2.0873923301696777,2.6929366545594737,46
Fixed ST-GNN,123,3,43,tt_lebakbulus.csv,4.724420070648193,6.15261625140562,46
Fixed ST-GNN,123,3,44,tt_lentengagung.csv,5.20073127746582,9.362311563263486,46
Fixed ST-GNN,123,3,45,tt_mampang.csv,3.4725420475006104,4.563249500322907,46
Fixed ST-GNN,123,3,46,tt_manggadua.csv,3.308229923248291,4.589011934266124,46
Fixed ST-GNN,123,3,47,tt_martadinata.csv,3.764833927154541,4.539486469684348,46
Fixed ST-GNN,123,3,48,tt_matraman.csv,4.051540374755859,5.0510276504209894,46
Fixed ST-GNN,123,3,49,tt_merak_toll_e.csv,2.211204767227173,2.6831650481755185,46
Fixed ST-GNN,123,3,50,tt_otista.csv,1.9301377534866333,2.3665005030080395,46
Fixed ST-GNN,123,3,51,tt_pemuda.csv,3.653715133666992,4.552758045372293,46
Fixed ST-GNN,123,3,52,tt_perintis.csv,2.8729138374328613,3.3311442975707,46
Fixed ST-GNN,123,3,53,tt_pluit.csv,2.8887031078338623,3.544230142995592,46
Fixed ST-GNN,123,3,54,tt_pondokindah.csv,2.5537664890289307,3.3096159849957894,46
Fixed ST-GNN,123,3,55,tt_pospengumben.csv,2.730560302734375,3.5006406742637926,46
Fixed ST-GNN,123,3,56,tt_pramuka.csv,4.75044584274292,5.723391124423943,46
Fixed ST-GNN,123,3,57,tt_purikembangan.csv,6.534029006958008,8.136921748697944,46
Fixed ST-GNN,123,3,58,tt_ragunan.csv,2.949758768081665,3.794518763973435,46
Fixed ST-GNN,123,3,59,tt_rayabekasi_cakung.csv,3.492208957672119,4.522906178316278,46
Fixed ST-GNN,123,3,60,tt_salemba.csv,3.7151601314544678,4.359804850069379,46
Fixed ST-GNN,123,3,61,tt_supomo.csv,7.689896106719971,11.842967306962773,46
Fixed ST-GNN,123,3,62,tt_tambun.csv,2.4606330394744873,3.017405246362571,46
Fixed ST-GNN,123,3,63,tt_tendean.csv,9.544756889343262,12.553527360639954,46
Fixed ST-GNN,123,6,0,tt_cawang.csv,9.441442489624023,11.332553687112586,47
Fixed ST-GNN,123,6,1,tt_gatsu.csv,8.375035285949707,11.706527480193742,47
Fixed ST-GNN,123,6,2,tt_grogol.csv,3.3666694164276123,4.319951792553967,47
Fixed ST-GNN,123,6,3,tt_kelapagading.csv,3.337897777557373,3.812751761706881,47
Fixed ST-GNN,123,6,4,tt_kuningan.csv,2.708587408065796,3.325810877081303,47
Fixed ST-GNN,123,6,5,tt_sudirman.csv,8.392823219299316,9.13295451397284,47
Fixed ST-GNN,123,6,6,tt_thamrin.csv,3.049105644226074,3.8348756396485433,47
Fixed ST-GNN,123,6,7,tt_bekasi.csv,1.1142390966415405,1.5891407154980217,47
Fixed ST-GNN,123,6,8,tt_bogor.csv,4.839864730834961,5.602035608888686,47
Fixed ST-GNN,123,6,9,tt_bsd.csv,1.841118335723877,2.1490773860653802,47
Fixed ST-GNN,123,6,10,tt_depok.csv,2.496753215789795,2.8208802726893425,47
Fixed ST-GNN,123,6,11,tt_kebonjeruk.csv,3.830458402633667,5.294607391642994,47
Fixed ST-GNN,123,6,12,tt_tangerang.csv,5.667830944061279,7.018739684344462,47
Fixed ST-GNN,123,6,13,tt_tbsimatupang.csv,13.246589660644531,16.575554075804583,47
Fixed ST-GNN,123,6,14,tt_daanmogot.csv,5.272386074066162,6.295269404093616,47
Fixed ST-GNN,123,6,15,tt_kalimalang.csv,0.9379686117172241,1.4903567602616716,47
Fixed ST-GNN,123,6,16,tt_lingkardalam.csv,4.3430962562561035,5.15553417438882,47
Fixed ST-GNN,123,6,17,tt_majapahit.csv,3.235801935195923,4.297140883109036,47
Fixed ST-GNN,123,6,18,tt_merdekabar.csv,2.948535442352295,4.2931364684452245,47
Fixed ST-GNN,123,6,19,tt_mtharyono.csv,1.9489399194717407,2.6110452571527563,47
Fixed ST-GNN,123,6,20,tt_rayabogor.csv,2.3725597858428955,2.825813908766598,47
Fixed ST-GNN,123,6,21,tt_sparman.csv,1.643450140953064,1.9320257437473662,47
Fixed ST-GNN,123,6,22,tt_sudirman_s.csv,2.042342185974121,2.374535967016458,47
Fixed ST-GNN,123,6,23,tt_sultanagung.csv,1.454245686531067,2.4845169314742015,47
Fixed ST-GNN,123,6,24,tt_cakungcilincing.csv,5.947329044342041,6.454436014300189,47
Fixed ST-GNN,123,6,25,tt_cibinong.csv,5.076064586639404,5.858540305130275,47
Fixed ST-GNN,123,6,26,tt_cibitung.csv,0.7971418499946594,1.3294482651336035,47
Fixed ST-GNN,123,6,27,tt_cijantung.csv,1.5830953121185303,2.2045603736436976,47
Fixed ST-GNN,123,6,28,tt_cilodong.csv,2.9488577842712402,3.346341136308329,47
Fixed ST-GNN,123,6,29,tt_cimanggis.csv,2.3796403408050537,2.641738566514218,47
Fixed ST-GNN,123,6,30,tt_cipondoh.csv,3.1655569076538086,4.303976287521217,47
Fixed ST-GNN,123,6,31,tt_fatmawati.csv,4.946877956390381,6.277740257098545,47
Fixed ST-GNN,123,6,32,tt_gadingserpong.csv,3.8157286643981934,4.327153175952326,47
Fixed ST-GNN,123,6,33,tt_gajahmada.csv,2.4260237216949463,2.933400966847152,47
Fixed ST-GNN,123,6,34,tt_gunungsahari.csv,2.8648669719696045,3.112431543049334,47
Fixed ST-GNN,123,6,35,tt_hayamwuruk.csv,4.32269811630249,4.74609616126482,47
Fixed ST-GNN,123,6,36,tt_jatinegara.csv,3.5960638523101807,4.176405143699113,47
Fixed ST-GNN,123,6,37,tt_jorr_west.csv,2.8509206771850586,3.6224616799127802,47
Fixed ST-GNN,123,6,38,tt_kapukmuara.csv,3.7561566829681396,4.628406404315189,47
Fixed ST-GNN,123,6,39,tt_karawaci.csv,2.9087390899658203,3.368000401485537,47
Fixed ST-GNN,123,6,40,tt_kedoya.csv,3.4130537509918213,4.22063353135591,47
Fixed ST-GNN,123,6,41,tt_kemang.csv,2.528233766555786,3.518751051582464,47
Fixed ST-GNN,123,6,42,tt_kramatraya.csv,2.19014048576355,2.752602126386326,47
Fixed ST-GNN,123,6,43,tt_lebakbulus.csv,5.304329872131348,6.196382870275919,47
Fixed ST-GNN,123,6,44,tt_lentengagung.csv,4.205570220947266,8.39750676165323,47
Fixed ST-GNN,123,6,45,tt_mampang.csv,2.9518115520477295,3.7431375655369243,47
Fixed ST-GNN,123,6,46,tt_manggadua.csv,3.9322762489318848,4.849789502796543,47
Fixed ST-GNN,123,6,47,tt_martadinata.csv,3.4397053718566895,4.072375925889295,47
Fixed ST-GNN,123,6,48,tt_matraman.csv,3.7346436977386475,4.694223083955265,47
Fixed ST-GNN,123,6,49,tt_merak_toll_e.csv,2.269333600997925,2.683592950412681,47
Fixed ST-GNN,123,6,50,tt_otista.csv,1.9699268341064453,2.478322652123768,47
Fixed ST-GNN,123,6,51,tt_pemuda.csv,3.827097177505493,4.364270814375631,47
Fixed ST-GNN,123,6,52,tt_perintis.csv,3.181905508041382,3.5342545681916016,47
Fixed ST-GNN,123,6,53,tt_pluit.csv,2.444779634475708,3.0697962203098297,47
Fixed ST-GNN,123,6,54,tt_pondokindah.csv,2.8816041946411133,3.586112223837677,47
Fixed ST-GNN,123,6,55,tt_pospengumben.csv,2.8498706817626953,3.4840752853335517,47
Fixed ST-GNN,123,6,56,tt_pramuka.csv,5.158971309661865,5.984986276507279,47
Fixed ST-GNN,123,6,57,tt_purikembangan.csv,6.368427753448486,8.064025734542474,47
Fixed ST-GNN,123,6,58,tt_ragunan.csv,3.333099126815796,3.957894806245139,47
Fixed ST-GNN,123,6,59,tt_rayabekasi_cakung.csv,3.3968799114227295,4.168322933346235,47
Fixed ST-GNN,123,6,60,tt_salemba.csv,4.15617036819458,4.644633504577698,47
Fixed ST-GNN,123,6,61,tt_supomo.csv,7.139153003692627,10.928212086017211,47
Fixed ST-GNN,123,6,62,tt_tambun.csv,2.3972666263580322,2.7613347284278804,47
Fixed ST-GNN,123,6,63,tt_tendean.csv,10.148938179016113,12.655489222890719,47
Fixed ST-GNN,456,1,0,tt_cawang.csv,6.931638717651367,9.669620676421538,46
Fixed ST-GNN,456,1,1,tt_gatsu.csv,7.3582539558410645,11.517984673859642,46
Fixed ST-GNN,456,1,2,tt_grogol.csv,2.7898151874542236,3.9988363480732585,46
Fixed ST-GNN,456,1,3,tt_kelapagading.csv,1.802841305732727,2.4651126382406683,46
Fixed ST-GNN,456,1,4,tt_kuningan.csv,2.3780837059020996,3.0739519519711664,46
Fixed ST-GNN,456,1,5,tt_sudirman.csv,4.94640588760376,6.342730961775597,46
Fixed ST-GNN,456,1,6,tt_thamrin.csv,2.1689083576202393,3.112835515946967,46
Fixed ST-GNN,456,1,7,tt_bekasi.csv,0.8063812255859375,1.139334850430432,46
Fixed ST-GNN,456,1,8,tt_bogor.csv,3.6394858360290527,5.172320297755471,46
Fixed ST-GNN,456,1,9,tt_bsd.csv,1.7681158781051636,2.415740679775333,46
Fixed ST-GNN,456,1,10,tt_depok.csv,2.0509119033813477,2.643781321815741,46
Fixed ST-GNN,456,1,11,tt_kebonjeruk.csv,2.914529800415039,4.005631773763337,46
Fixed ST-GNN,456,1,12,tt_tangerang.csv,4.42505407333374,6.356218083994509,46
Fixed ST-GNN,456,1,13,tt_tbsimatupang.csv,10.176831245422363,14.193920413648387,46
Fixed ST-GNN,456,1,14,tt_daanmogot.csv,3.880263566970825,4.914080936658081,46
Fixed ST-GNN,456,1,15,tt_kalimalang.csv,0.7748652100563049,1.543024453232059,46
Fixed ST-GNN,456,1,16,tt_lingkardalam.csv,2.9724273681640625,4.113632723290803,46
Fixed ST-GNN,456,1,17,tt_majapahit.csv,2.7457540035247803,3.9400868471130135,46
Fixed ST-GNN,456,1,18,tt_merdekabar.csv,3.569756507873535,4.8187183977765615,46
Fixed ST-GNN,456,1,19,tt_mtharyono.csv,1.531243085861206,2.2102616965583395,46
Fixed ST-GNN,456,1,20,tt_rayabogor.csv,1.5527691841125488,2.3014323377092167,46
Fixed ST-GNN,456,1,21,tt_sparman.csv,1.2851942777633667,1.8203593235788114,46
Fixed ST-GNN,456,1,22,tt_sudirman_s.csv,2.2112996578216553,2.6594108175696447,46
Fixed ST-GNN,456,1,23,tt_sultanagung.csv,1.2632895708084106,2.0576566992009035,46
Fixed ST-GNN,456,1,24,tt_cakungcilincing.csv,3.239015579223633,4.377193228158957,46
Fixed ST-GNN,456,1,25,tt_cibinong.csv,3.744584560394287,4.585252025005005,46
Fixed ST-GNN,456,1,26,tt_cibitung.csv,0.8009077310562134,1.3235931719275582,46
Fixed ST-GNN,456,1,27,tt_cijantung.csv,1.545453429222107,2.1737082449186,46
Fixed ST-GNN,456,1,28,tt_cilodong.csv,2.397057294845581,3.0689001353532968,46
Fixed ST-GNN,456,1,29,tt_cimanggis.csv,2.1941826343536377,2.864898849219596,46
Fixed ST-GNN,456,1,30,tt_cipondoh.csv,2.5738301277160645,3.542411920264157,46
Fixed ST-GNN,456,1,31,tt_fatmawati.csv,5.217738151550293,7.011205967931327,46
Fixed ST-GNN,456,1,32,tt_gadingserpong.csv,2.5405964851379395,3.8548347237826763,46
Fixed ST-GNN,456,1,33,tt_gajahmada.csv,1.457181692123413,2.0792248332335324,46
Fixed ST-GNN,456,1,34,tt_gunungsahari.csv,1.697098970413208,2.2588702301469836,46
Fixed ST-GNN,456,1,35,tt_hayamwuruk.csv,2.2510242462158203,3.2355334285211206,46
Fixed ST-GNN,456,1,36,tt_jatinegara.csv,2.65751051902771,3.3369380692178585,46
Fixed ST-GNN,456,1,37,tt_jorr_west.csv,1.9034593105316162,2.8662135993386277,46
Fixed ST-GNN,456,1,38,tt_kapukmuara.csv,2.940563678741455,4.08318473908852,46
Fixed ST-GNN,456,1,39,tt_karawaci.csv,2.5773866176605225,3.4985318510648207,46
Fixed ST-GNN,456,1,40,tt_kedoya.csv,2.2835254669189453,3.143396777109095,46
Fixed ST-GNN,456,1,41,tt_kemang.csv,2.3490564823150635,3.158286617876335,46
Fixed ST-GNN,456,1,42,tt_kramatraya.csv,2.032095432281494,3.1710970821959887,46
Fixed ST-GNN,456,1,43,tt_lebakbulus.csv,3.082941770553589,4.525065232960607,46
Fixed ST-GNN,456,1,44,tt_lentengagung.csv,4.812047481536865,8.557384884389057,46
Fixed ST-GNN,456,1,45,tt_mampang.csv,2.2465660572052,3.3247957726191943,46
Fixed ST-GNN,456,1,46,tt_manggadua.csv,2.5669243335723877,3.9115073264042546,46
Fixed ST-GNN,456,1,47,tt_martadinata.csv,3.5699853897094727,4.5001337243450115,46
Fixed ST-GNN,456,1,48,tt_matraman.csv,2.7869365215301514,3.702734560442816,46
Fixed ST-GNN,456,1,49,tt_merak_toll_e.csv,1.4456859827041626,2.3100325333587364,46
Fixed ST-GNN,456,1,50,tt_otista.csv,1.5624293088912964,2.156811406124642,46
Fixed ST-GNN,456,1,51,tt_pemuda.csv,2.604710340499878,4.013794715653652,46
Fixed ST-GNN,456,1,52,tt_perintis.csv,2.401439905166626,3.2614770856862605,46
Fixed ST-GNN,456,1,53,tt_pluit.csv,1.8742361068725586,2.849119210916794,46
Fixed ST-GNN,456,1,54,tt_pondokindah.csv,2.185286045074463,2.9505671974213743,46
Fixed ST-GNN,456,1,55,tt_pospengumben.csv,2.2389955520629883,2.907490619306446,46
Fixed ST-GNN,456,1,56,tt_pramuka.csv,3.3862297534942627,4.904492105831358,46
Fixed ST-GNN,456,1,57,tt_purikembangan.csv,7.218230724334717,9.377731535658441,46
Fixed ST-GNN,456,1,58,tt_ragunan.csv,2.2398104667663574,3.075057461829728,46
Fixed ST-GNN,456,1,59,tt_rayabekasi_cakung.csv,3.0618033409118652,4.12046796196572,46
Fixed ST-GNN,456,1,60,tt_salemba.csv,2.6171975135803223,3.315205746533042,46
Fixed ST-GNN,456,1,61,tt_supomo.csv,5.315990924835205,8.358161510198663,46
Fixed ST-GNN,456,1,62,tt_tambun.csv,2.116436719894409,2.7981041279982066,46
Fixed ST-GNN,456,1,63,tt_tendean.csv,7.618157863616943,10.208294760702529,46
Fixed ST-GNN,456,3,0,tt_cawang.csv,7.8610758781433105,10.885480018443541,46
Fixed ST-GNN,456,3,1,tt_gatsu.csv,8.882502555847168,12.937348443217061,46
Fixed ST-GNN,456,3,2,tt_grogol.csv,3.6703298091888428,4.990402165109667,46
Fixed ST-GNN,456,3,3,tt_kelapagading.csv,2.667957067489624,3.329556725814636,46
Fixed ST-GNN,456,3,4,tt_kuningan.csv,3.017190456390381,3.92030296887075,46
Fixed ST-GNN,456,3,5,tt_sudirman.csv,6.69513463973999,8.036203007444216,46
Fixed ST-GNN,456,3,6,tt_thamrin.csv,2.9751198291778564,3.8941095519875732,46
Fixed ST-GNN,456,3,7,tt_bekasi.csv,1.0480345487594604,1.4035556837396186,46
Fixed ST-GNN,456,3,8,tt_bogor.csv,4.7152791023254395,6.051911536014559,46
Fixed ST-GNN,456,3,9,tt_bsd.csv,1.7729408740997314,2.3068081684296677,46
Fixed ST-GNN,456,3,10,tt_depok.csv,2.3384339809417725,2.8009428991171865,46
Fixed ST-GNN,456,3,11,tt_kebonjeruk.csv,4.239828109741211,5.522105270791576,46
Fixed ST-GNN,456,3,12,tt_tangerang.csv,5.2176833152771,6.8638612158022925,46
Fixed ST-GNN,456,3,13,tt_tbsimatupang.csv,12.743860244750977,16.475712326928008,46
Fixed ST-GNN,456,3,14,tt_daanmogot.csv,4.983582973480225,5.998861204795001,46
Fixed ST-GNN,456,3,15,tt_kalimalang.csv,0.9007140398025513,1.6223815950000549,46
Fixed ST-GNN,456,3,16,tt_lingkardalam.csv,4.028753757476807,5.071019856583511,46
Fixed ST-GNN,456,3,17,tt_majapahit.csv,3.335028648376465,4.528494582484752,46
Fixed ST-GNN,456,3,18,tt_merdekabar.csv,2.869358777999878,4.277293137899765,46
Fixed ST-GNN,456,3,19,tt_mtharyono.csv,1.7085784673690796,2.320686592745618,46
Fixed ST-GNN,456,3,20,tt_rayabogor.csv,2.044984817504883,2.802723486477107,46
Fixed ST-GNN,456,3,21,tt_sparman.csv,1.4043036699295044,1.877507377030957,46
Fixed ST-GNN,456,3,22,tt_sudirman_s.csv,2.0070078372955322,2.420737608583507,46
Fixed ST-GNN,456,3,23,tt_sultanagung.csv,1.2451117038726807,2.046455981047954,46
Fixed ST-GNN,456,3,24,tt_cakungcilincing.csv,4.951457977294922,5.847185236959104,46
Fixed ST-GNN,456,3,25,tt_cibinong.csv,4.151875972747803,5.06509803699688,46
Fixed ST-GNN,456,3,26,tt_cibitung.csv,0.8224676251411438,1.3355894471909224,46
Fixed ST-GNN,456,3,27,tt_cijantung.csv,1.74271559715271,2.3160550396428996,46
Fixed ST-GNN,456,3,28,tt_cilodong.csv,2.622140407562256,3.195085214305303,46
Fixed ST-GNN,456,3,29,tt_cimanggis.csv,2.0792734622955322,2.7616706638925,46
Fixed ST-GNN,456,3,30,tt_cipondoh.csv,3.7939374446868896,4.76740349274341,46
Fixed ST-GNN,456,3,31,tt_fatmawati.csv,5.613231658935547,7.126336223386461,46
Fixed ST-GNN,456,3,32,tt_gadingserpong.csv,2.8162522315979004,3.6689154202601824,46
Fixed ST-GNN,456,3,33,tt_gajahmada.csv,2.0726113319396973,2.658314968113456,46
Fixed ST-GNN,456,3,34,tt_gunungsahari.csv,2.6173717975616455,3.0171860523506853,46
Fixed ST-GNN,456,3,35,tt_hayamwuruk.csv,3.560969829559326,4.469919331823317,46
Fixed ST-GNN,456,3,36,tt_jatinegara.csv,3.307239055633545,4.100676290048582,46
Fixed ST-GNN,456,3,37,tt_jorr_west.csv,2.6610774993896484,3.5777565045905706,46
Fixed ST-GNN,456,3,38,tt_kapukmuara.csv,3.9423532485961914,4.811874150787568,46
Fixed ST-GNN,456,3,39,tt_karawaci.csv,2.7965433597564697,3.5260799674466563,46
Fixed ST-GNN,456,3,40,tt_kedoya.csv,3.409999132156372,4.056081543232527,46
Fixed ST-GNN,456,3,41,tt_kemang.csv,2.8422794342041016,3.6755813398331942,46
Fixed ST-GNN,456,3,42,tt_kramatraya.csv,1.7621850967407227,2.754671983247829,46
Fixed ST-GNN,456,3,43,tt_lebakbulus.csv,4.705163478851318,5.966004384258218,46
Fixed ST-GNN,456,3,44,tt_lentengagung.csv,5.086944103240967,9.430965763609526,46
Fixed ST-GNN,456,3,45,tt_mampang.csv,3.340366840362549,4.487117340859235,46
Fixed ST-GNN,456,3,46,tt_manggadua.csv,3.1440765857696533,4.385996703919417,46
Fixed ST-GNN,456,3,47,tt_martadinata.csv,3.69793438911438,4.47831268449648,46
Fixed ST-GNN,456,3,48,tt_matraman.csv,3.894840955734253,5.092913974421175,46
Fixed ST-GNN,456,3,49,tt_merak_toll_e.csv,1.834883689880371,2.6270871720272115,46
Fixed ST-GNN,456,3,50,tt_otista.csv,1.97687566280365,2.4988375822350153,46
Fixed ST-GNN,456,3,51,tt_pemuda.csv,2.980938196182251,4.304058714427154,46
Fixed ST-GNN,456,3,52,tt_perintis.csv,2.6528241634368896,3.2399522544733728,46
Fixed ST-GNN,456,3,53,tt_pluit.csv,2.3253872394561768,3.085873528312406,46
Fixed ST-GNN,456,3,54,tt_pondokindah.csv,2.784827947616577,3.6328258883321842,46
Fixed ST-GNN,456,3,55,tt_pospengumben.csv,2.6579296588897705,3.4025752692827775,46
Fixed ST-GNN,456,3,56,tt_pramuka.csv,4.7880778312683105,5.875999527985078,46
Fixed ST-GNN,456,3,57,tt_purikembangan.csv,6.261168003082275,7.957785089858669,46
Fixed ST-GNN,456,3,58,tt_ragunan.csv,3.040959596633911,3.7621922972314503,46
Fixed ST-GNN,456,3,59,tt_rayabekasi_cakung.csv,3.559173822402954,4.578870276501967,46
Fixed ST-GNN,456,3,60,tt_salemba.csv,3.50411319732666,4.089116626653849,46
Fixed ST-GNN,456,3,61,tt_supomo.csv,7.727306365966797,12.110415151899922,46
Fixed ST-GNN,456,3,62,tt_tambun.csv,2.4945831298828125,3.129531931141177,46
Fixed ST-GNN,456,3,63,tt_tendean.csv,9.561202049255371,12.616190338885673,46
Fixed ST-GNN,456,6,0,tt_cawang.csv,9.3787202835083,11.34341371316275,47
Fixed ST-GNN,456,6,1,tt_gatsu.csv,9.22606086730957,13.247478317124935,47
Fixed ST-GNN,456,6,2,tt_grogol.csv,4.094925880432129,5.076954868190437,47
Fixed ST-GNN,456,6,3,tt_kelapagading.csv,3.503532648086548,3.8984892388772976,47
Fixed ST-GNN,456,6,4,tt_kuningan.csv,3.76304030418396,4.441909533380253,47
Fixed ST-GNN,456,6,5,tt_sudirman.csv,8.395674705505371,9.555057197211966,47
Fixed ST-GNN,456,6,6,tt_thamrin.csv,3.260982036590576,4.193252711367585,47
Fixed ST-GNN,456,6,7,tt_bekasi.csv,1.4939314126968384,1.9175785701127195,47
Fixed ST-GNN,456,6,8,tt_bogor.csv,5.197764873504639,5.840166104710998,47
Fixed ST-GNN,456,6,9,tt_bsd.csv,1.7350577116012573,2.200120432765137,47
Fixed ST-GNN,456,6,10,tt_depok.csv,2.451209783554077,2.7882749156072975,47
Fixed ST-GNN,456,6,11,tt_kebonjeruk.csv,4.384130477905273,5.465677499055505,47
Fixed ST-GNN,456,6,12,tt_tangerang.csv,5.682982921600342,7.026553878795856,47
Fixed ST-GNN,456,6,13,tt_tbsimatupang.csv,12.0946626663208,16.152313992566302,47
Fixed ST-GNN,456,6,14,tt_daanmogot.csv,5.1946282386779785,6.081886990501745,47
Fixed ST-GNN,456,6,15,tt_kalimalang.csv,0.6942635178565979,1.4661300504748531,47
Fixed ST-GNN,456,6,16,tt_lingkardalam.csv,4.54902982711792,5.578783525335841,47
Fixed ST-GNN,456,6,17,tt_majapahit.csv,3.9879276752471924,5.0478860415186855,47
Fixed ST-GNN,456,6,18,tt_merdekabar.csv,3.0806283950805664,4.634389264836547,47
Fixed ST-GNN,456,6,19,tt_mtharyono.csv,1.784921407699585,2.3908420040398424,47
Fixed ST-GNN,456,6,20,tt_rayabogor.csv,2.4564764499664307,3.0706900250463955,47
Fixed ST-GNN,456,6,21,tt_sparman.csv,1.4754866361618042,1.9416894226487096,47
Fixed ST-GNN,456,6,22,tt_sudirman_s.csv,2.7824785709381104,3.1435305691351108,47
Fixed ST-GNN,456,6,23,tt_sultanagung.csv,1.4581860303878784,2.3519188493690284,47
Fixed ST-GNN,456,6,24,tt_cakungcilincing.csv,6.572763442993164,6.881010168124873,47
Fixed ST-GNN,456,6,25,tt_cibinong.csv,5.11736536026001,5.801180410298582,47
Fixed ST-GNN,456,6,26,tt_cibitung.csv,0.8658007383346558,1.3434027733299816,47
Fixed ST-GNN,456,6,27,tt_cijantung.csv,1.5835683345794678,2.3970438235036244,47
Fixed ST-GNN,456,6,28,tt_cilodong.csv,2.8028781414031982,3.191668160009076,47
Fixed ST-GNN,456,6,29,tt_cimanggis.csv,2.105128765106201,2.568247884789042,47
Fixed ST-GNN,456,6,30,tt_cipondoh.csv,3.363692045211792,4.382856453795866,47
Fixed ST-GNN,456,6,31,tt_fatmawati.csv,4.851102352142334,6.413726760682385,47
Fixed ST-GNN,456,6,32,tt_gadingserpong.csv,3.1569790840148926,3.756356637364556,47
Fixed ST-GNN,456,6,33,tt_gajahmada.csv,2.2804038524627686,2.8080828418194854,47
Fixed ST-GNN,456,6,34,tt_gunungsahari.csv,2.9399731159210205,3.227559302839334,47
Fixed ST-GNN,456,6,35,tt_hayamwuruk.csv,4.2018842697143555,4.676533599468522,47
Fixed ST-GNN,456,6,36,tt_jatinegara.csv,3.470290184020996,4.021801899421263,47
Fixed ST-GNN,456,6,37,tt_jorr_west.csv,2.931156635284424,3.574812109217901,47
Fixed ST-GNN,456,6,38,tt_kapukmuara.csv,3.833075761795044,4.544442801150082,47
Fixed ST-GNN,456,6,39,tt_karawaci.csv,2.768566131591797,3.311714655069788,47
Fixed ST-GNN,456,6,40,tt_kedoya.csv,3.465202808380127,4.151505824439075,47
Fixed ST-GNN,456,6,41,tt_kemang.csv,2.728187084197998,3.4336243021607173,47
Fixed ST-GNN,456,6,42,tt_kramatraya.csv,2.0034685134887695,2.8872309373613914,47
Fixed ST-GNN,456,6,43,tt_lebakbulus.csv,5.812158584594727,6.497948836426041,47
Fixed ST-GNN,456,6,44,tt_lentengagung.csv,4.229753494262695,8.166315758879916,47
Fixed ST-GNN,456,6,45,tt_mampang.csv,2.7557761669158936,3.5461715471197333,47
Fixed ST-GNN,456,6,46,tt_manggadua.csv,3.6944618225097656,4.873020454900824,47
Fixed ST-GNN,456,6,47,tt_martadinata.csv,3.6154067516326904,4.400399077263853,47
Fixed ST-GNN,456,6,48,tt_matraman.csv,3.7998223304748535,4.915674960882272,47
Fixed ST-GNN,456,6,49,tt_merak_toll_e.csv,2.035367488861084,2.7133210447003444,47
Fixed ST-GNN,456,6,50,tt_otista.csv,2.1425132751464844,2.672553617619353,47
Fixed ST-GNN,456,6,51,tt_pemuda.csv,2.7377989292144775,3.8224475098044133,47
Fixed ST-GNN,456,6,52,tt_perintis.csv,2.938535213470459,3.3887885257750026,47
Fixed ST-GNN,456,6,53,tt_pluit.csv,2.4133999347686768,3.0275726034970325,47
Fixed ST-GNN,456,6,54,tt_pondokindah.csv,3.378659248352051,4.1663246523042865,47
Fixed ST-GNN,456,6,55,tt_pospengumben.csv,2.770253896713257,3.3763104473127616,47
Fixed ST-GNN,456,6,56,tt_pramuka.csv,5.450462341308594,6.244406982315536,47
Fixed ST-GNN,456,6,57,tt_purikembangan.csv,5.678186416625977,7.253600969192038,47
Fixed ST-GNN,456,6,58,tt_ragunan.csv,3.31831431388855,3.7973141514377597,47
Fixed ST-GNN,456,6,59,tt_rayabekasi_cakung.csv,3.6508700847625732,4.486362986912873,47
Fixed ST-GNN,456,6,60,tt_salemba.csv,3.931171178817749,4.437715981828488,47
Fixed ST-GNN,456,6,61,tt_supomo.csv,6.965700149536133,10.691402681996117,47
Fixed ST-GNN,456,6,62,tt_tambun.csv,2.8518800735473633,3.273510479170453,47
Fixed ST-GNN,456,6,63,tt_tendean.csv,10.367926597595215,12.984523070004101,47
Fixed ST-GNN,789,1,0,tt_cawang.csv,6.829605579376221,9.48645419059996,46
Fixed ST-GNN,789,1,1,tt_gatsu.csv,7.542755126953125,11.257690174886253,46
Fixed ST-GNN,789,1,2,tt_grogol.csv,2.7768266201019287,3.825835621630306,46
Fixed ST-GNN,789,1,3,tt_kelapagading.csv,1.7743725776672363,2.4255926332228523,46
Fixed ST-GNN,789,1,4,tt_kuningan.csv,2.2646872997283936,2.868799572352193,46
Fixed ST-GNN,789,1,5,tt_sudirman.csv,5.129086494445801,6.289081606628585,46
Fixed ST-GNN,789,1,6,tt_thamrin.csv,2.1704914569854736,3.0296587355902287,46
Fixed ST-GNN,789,1,7,tt_bekasi.csv,0.6717802286148071,1.0457156009948703,46
Fixed ST-GNN,789,1,8,tt_bogor.csv,3.5809359550476074,5.128989550922927,46
Fixed ST-GNN,789,1,9,tt_bsd.csv,1.8521678447723389,2.546756390577151,46
Fixed ST-GNN,789,1,10,tt_depok.csv,2.100139856338501,2.7182689548106267,46
Fixed ST-GNN,789,1,11,tt_kebonjeruk.csv,2.9160003662109375,3.927337975513894,46
Fixed ST-GNN,789,1,12,tt_tangerang.csv,4.6802873611450195,6.434325981972405,46
Fixed ST-GNN,789,1,13,tt_tbsimatupang.csv,10.036624908447266,13.694542035693738,46
Fixed ST-GNN,789,1,14,tt_daanmogot.csv,3.8617191314697266,4.882843554588747,46
Fixed ST-GNN,789,1,15,tt_kalimalang.csv,0.8157541751861572,1.5667216680219362,46
Fixed ST-GNN,789,1,16,tt_lingkardalam.csv,2.9455084800720215,3.934514200355344,46
Fixed ST-GNN,789,1,17,tt_majapahit.csv,2.760653257369995,3.8839559118752396,46
Fixed ST-GNN,789,1,18,tt_merdekabar.csv,3.6111135482788086,4.755383703111491,46
Fixed ST-GNN,789,1,19,tt_mtharyono.csv,2.152662754058838,2.688761658938077,46
Fixed ST-GNN,789,1,20,tt_rayabogor.csv,1.5713450908660889,2.2535368353840184,46
Fixed ST-GNN,789,1,21,tt_sparman.csv,1.387924075126648,1.8826755458043356,46
Fixed ST-GNN,789,1,22,tt_sudirman_s.csv,2.2019786834716797,2.6180936696465262,46
Fixed ST-GNN,789,1,23,tt_sultanagung.csv,1.3523187637329102,2.0588150629302255,46
Fixed ST-GNN,789,1,24,tt_cakungcilincing.csv,3.25362491607666,4.226914932308279,46
Fixed ST-GNN,789,1,25,tt_cibinong.csv,3.830549478530884,4.661306822745781,46
Fixed ST-GNN,789,1,26,tt_cibitung.csv,0.8841949701309204,1.3437938683024884,46
Fixed ST-GNN,789,1,27,tt_cijantung.csv,1.393906593322754,2.1008868070719924,46
Fixed ST-GNN,789,1,28,tt_cilodong.csv,2.448545455932617,3.1352077849672795,46
Fixed ST-GNN,789,1,29,tt_cimanggis.csv,2.2738373279571533,2.9257540325941145,46
Fixed ST-GNN,789,1,30,tt_cipondoh.csv,2.822648525238037,3.5638637943892437,46
Fixed ST-GNN,789,1,31,tt_fatmawati.csv,5.1943817138671875,7.028784561248642,46
Fixed ST-GNN,789,1,32,tt_gadingserpong.csv,2.759106159210205,3.9534638150335693,46
Fixed ST-GNN,789,1,33,tt_gajahmada.csv,1.4206247329711914,2.025703604637547,46
Fixed ST-GNN,789,1,34,tt_gunungsahari.csv,1.7447657585144043,2.1703638541707626,46
Fixed ST-GNN,789,1,35,tt_hayamwuruk.csv,2.5063579082489014,3.354547767234244,46
Fixed ST-GNN,789,1,36,tt_jatinegara.csv,2.711611032485962,3.3535787568678965,46
Fixed ST-GNN,789,1,37,tt_jorr_west.csv,1.9809577465057373,2.868384836263902,46
Fixed ST-GNN,789,1,38,tt_kapukmuara.csv,3.0072741508483887,4.10609682398378,46
Fixed ST-GNN,789,1,39,tt_karawaci.csv,2.6460561752319336,3.469429155826267,46
Fixed ST-GNN,789,1,40,tt_kedoya.csv,2.3258304595947266,3.0937933099971158,46
Fixed ST-GNN,789,1,41,tt_kemang.csv,2.48921275138855,3.2489503485917948,46
Fixed ST-GNN,789,1,42,tt_kramatraya.csv,2.246152877807617,3.1457210967060827,46
Fixed ST-GNN,789,1,43,tt_lebakbulus.csv,2.9999704360961914,4.433993606349412,46
Fixed ST-GNN,789,1,44,tt_lentengagung.csv,5.206818103790283,8.703075470432447,46
Fixed ST-GNN,789,1,45,tt_mampang.csv,2.430593967437744,3.4245814937876387,46
Fixed ST-GNN,789,1,46,tt_manggadua.csv,2.5399603843688965,3.8726058454929153,46
Fixed ST-GNN,789,1,47,tt_martadinata.csv,3.6419904232025146,4.589720950817388,46
Fixed ST-GNN,789,1,48,tt_matraman.csv,2.9979019165039062,3.7593893125393203,46
Fixed ST-GNN,789,1,49,tt_merak_toll_e.csv,1.5618408918380737,2.3209437272704934,46
Fixed ST-GNN,789,1,50,tt_otista.csv,1.623321533203125,2.190041509783592,46
Fixed ST-GNN,789,1,51,tt_pemuda.csv,3.1211745738983154,4.239470284319254,46
Fixed ST-GNN,789,1,52,tt_perintis.csv,2.5342977046966553,3.281518689008343,46
Fixed ST-GNN,789,1,53,tt_pluit.csv,2.079608678817749,2.953596127990466,46
Fixed ST-GNN,789,1,54,tt_pondokindah.csv,2.0167295932769775,2.7601680043820793,46
Fixed ST-GNN,789,1,55,tt_pospengumben.csv,2.240532636642456,2.946131584756062,46
Fixed ST-GNN,789,1,56,tt_pramuka.csv,3.607847213745117,4.819335244902432,46
Fixed ST-GNN,789,1,57,tt_purikembangan.csv,8.219571113586426,9.734370689329904,46
Fixed ST-GNN,789,1,58,tt_ragunan.csv,2.289207696914673,3.1023003687787876,46
Fixed ST-GNN,789,1,59,tt_rayabekasi_cakung.csv,3.0743563175201416,4.1458900230531865,46
Fixed ST-GNN,789,1,60,tt_salemba.csv,2.6193900108337402,3.282229758626828,46
Fixed ST-GNN,789,1,61,tt_supomo.csv,5.782632350921631,8.537145792146646,46
Fixed ST-GNN,789,1,62,tt_tambun.csv,2.1987149715423584,2.82770590021515,46
Fixed ST-GNN,789,1,63,tt_tendean.csv,7.64116907119751,10.068799813050857,46
Fixed ST-GNN,789,3,0,tt_cawang.csv,7.820713996887207,10.229112136809425,46
Fixed ST-GNN,789,3,1,tt_gatsu.csv,8.661593437194824,12.410973867463714,46
Fixed ST-GNN,789,3,2,tt_grogol.csv,3.4900519847869873,4.590597095755261,46
Fixed ST-GNN,789,3,3,tt_kelapagading.csv,2.543421506881714,3.2326362100861665,46
Fixed ST-GNN,789,3,4,tt_kuningan.csv,2.72563099861145,3.4289408155547316,46
Fixed ST-GNN,789,3,5,tt_sudirman.csv,7.41603946685791,8.689430516308528,46
Fixed ST-GNN,789,3,6,tt_thamrin.csv,2.753009080886841,3.6507332418049696,46
Fixed ST-GNN,789,3,7,tt_bekasi.csv,0.7835142612457275,1.1684187210504249,46
Fixed ST-GNN,789,3,8,tt_bogor.csv,4.533965587615967,5.930722836059219,46
Fixed ST-GNN,789,3,9,tt_bsd.csv,1.8437682390213013,2.3556287720635614,46
Fixed ST-GNN,789,3,10,tt_depok.csv,2.3647334575653076,2.838009752371056,46
Fixed ST-GNN,789,3,11,tt_kebonjeruk.csv,4.159412384033203,5.565814113242021,46
Fixed ST-GNN,789,3,12,tt_tangerang.csv,5.4774065017700195,6.935865604915736,46
Fixed ST-GNN,789,3,13,tt_tbsimatupang.csv,12.17061996459961,16.1538622510222,46
Fixed ST-GNN,789,3,14,tt_daanmogot.csv,5.010710716247559,6.027677911184087,46
Fixed ST-GNN,789,3,15,tt_kalimalang.csv,0.9432148933410645,1.5478877595826737,46
Fixed ST-GNN,789,3,16,tt_lingkardalam.csv,3.823444128036499,4.718881365229616,46
Fixed ST-GNN,789,3,17,tt_majapahit.csv,3.3735764026641846,4.5351646613832415,46
Fixed ST-GNN,789,3,18,tt_merdekabar.csv,2.798138380050659,4.075274761274731,46
Fixed ST-GNN,789,3,19,tt_mtharyono.csv,2.7155942916870117,3.173392548235682,46
Fixed ST-GNN,789,3,20,tt_rayabogor.csv,2.1211800575256348,2.7033601338868576,46
Fixed ST-GNN,789,3,21,tt_sparman.csv,1.5255670547485352,1.929784424853424,46
Fixed ST-GNN,789,3,22,tt_sudirman_s.csv,1.742984414100647,2.0013383917078538,46
Fixed ST-GNN,789,3,23,tt_sultanagung.csv,1.2891902923583984,2.0256857146639273,46
Fixed ST-GNN,789,3,24,tt_cakungcilincing.csv,4.703124523162842,5.6160332312184895,46
Fixed ST-GNN,789,3,25,tt_cibinong.csv,4.427671432495117,5.274712844915207,46
Fixed ST-GNN,789,3,26,tt_cibitung.csv,0.9200602173805237,1.3321726435907408,46
Fixed ST-GNN,789,3,27,tt_cijantung.csv,1.5528322458267212,2.1849752842882317,46
Fixed ST-GNN,789,3,28,tt_cilodong.csv,2.6865992546081543,3.3240897919041106,46
Fixed ST-GNN,789,3,29,tt_cimanggis.csv,2.2019569873809814,2.754495327759812,46
Fixed ST-GNN,789,3,30,tt_cipondoh.csv,3.864609479904175,4.861177067384889,46
Fixed ST-GNN,789,3,31,tt_fatmawati.csv,5.478991508483887,7.008590059722722,46
Fixed ST-GNN,789,3,32,tt_gadingserpong.csv,3.243939161300659,3.8560669347010847,46
Fixed ST-GNN,789,3,33,tt_gajahmada.csv,2.048921585083008,2.539465675622251,46
Fixed ST-GNN,789,3,34,tt_gunungsahari.csv,2.390296697616577,2.7628969865248676,46
Fixed ST-GNN,789,3,35,tt_hayamwuruk.csv,3.759047746658325,4.506538726826467,46
Fixed ST-GNN,789,3,36,tt_jatinegara.csv,3.4033052921295166,4.183556821002979,46
Fixed ST-GNN,789,3,37,tt_jorr_west.csv,2.664341688156128,3.700292348910722,46
Fixed ST-GNN,789,3,38,tt_kapukmuara.csv,3.9104950428009033,4.748178634792544,46
Fixed ST-GNN,789,3,39,tt_karawaci.csv,2.7844650745391846,3.4925577876253304,46
Fixed ST-GNN,789,3,40,tt_kedoya.csv,3.3126180171966553,4.087062352633785,46
Fixed ST-GNN,789,3,41,tt_kemang.csv,2.9163434505462646,3.850819730808251,46
Fixed ST-GNN,789,3,42,tt_kramatraya.csv,1.982222318649292,2.736297280507367,46
Fixed ST-GNN,789,3,43,tt_lebakbulus.csv,4.613462448120117,5.984979265347594,46
Fixed ST-GNN,789,3,44,tt_lentengagung.csv,5.221950531005859,9.143398183754204,46
Fixed ST-GNN,789,3,45,tt_mampang.csv,3.329463243484497,4.551914633877314,46
Fixed ST-GNN,789,3,46,tt_manggadua.csv,3.1611013412475586,4.3471879047072495,46
Fixed ST-GNN,789,3,47,tt_martadinata.csv,3.556731939315796,4.349901413074416,46
Fixed ST-GNN,789,3,48,tt_matraman.csv,3.95475172996521,4.99192195657711,46
Fixed ST-GNN,789,3,49,tt_merak_toll_e.csv,1.9861602783203125,2.652980362866566,46
Fixed ST-GNN,789,3,50,tt_otista.csv,1.9746156930923462,2.4523183869322986,46
Fixed ST-GNN,789,3,51,tt_pemuda.csv,3.895350694656372,4.750636610236006,46
Fixed ST-GNN,789,3,52,tt_perintis.csv,2.8162567615509033,3.2493647908297825,46
Fixed ST-GNN,789,3,53,tt_pluit.csv,2.3708651065826416,3.0610901058958677,46
Fixed ST-GNN,789,3,54,tt_pondokindah.csv,2.4859681129455566,3.2370203966423827,46
Fixed ST-GNN,789,3,55,tt_pospengumben.csv,2.715735673904419,3.540009159356461,46
Fixed ST-GNN,789,3,56,tt_pramuka.csv,4.687981128692627,5.554447474705975,46
Fixed ST-GNN,789,3,57,tt_purikembangan.csv,7.827475547790527,9.365711951782925,46
Fixed ST-GNN,789,3,58,tt_ragunan.csv,2.9542508125305176,3.7851421407115775,46
Fixed ST-GNN,789,3,59,tt_rayabekasi_cakung.csv,3.474740743637085,4.501236639704815,46
Fixed ST-GNN,789,3,60,tt_salemba.csv,3.5957634449005127,4.118800041114708,46
Fixed ST-GNN,789,3,61,tt_supomo.csv,8.046612739562988,11.834214370237772,46
Fixed ST-GNN,789,3,62,tt_tambun.csv,2.5270349979400635,3.1210492910338643,46
Fixed ST-GNN,789,3,63,tt_tendean.csv,9.633391380310059,12.491733106182414,46
Fixed ST-GNN,789,6,0,tt_cawang.csv,9.447434425354004,11.093112121296013,47
Fixed ST-GNN,789,6,1,tt_gatsu.csv,8.847662925720215,12.231672005446685,47
Fixed ST-GNN,789,6,2,tt_grogol.csv,3.5407357215881348,4.448809758144324,47
Fixed ST-GNN,789,6,3,tt_kelapagading.csv,3.2348334789276123,3.6665592755861343,47
Fixed ST-GNN,789,6,4,tt_kuningan.csv,2.977886438369751,3.6584593789552757,47
Fixed ST-GNN,789,6,5,tt_sudirman.csv,9.249202728271484,9.991710660411796,47
Fixed ST-GNN,789,6,6,tt_thamrin.csv,2.877115488052368,3.673358114497048,47
Fixed ST-GNN,789,6,7,tt_bekasi.csv,1.0388094186782837,1.4956559220340346,47
Fixed ST-GNN,789,6,8,tt_bogor.csv,4.835923194885254,5.926251809555,47
Fixed ST-GNN,789,6,9,tt_bsd.csv,1.8596861362457275,2.205567973678738,47
Fixed ST-GNN,789,6,10,tt_depok.csv,2.53570294380188,2.894786087329087,47
Fixed ST-GNN,789,6,11,tt_kebonjeruk.csv,4.123220920562744,5.508912927526302,47
Fixed ST-GNN,789,6,12,tt_tangerang.csv,5.793735027313232,6.9559136788362945,47
Fixed ST-GNN,789,6,13,tt_tbsimatupang.csv,12.266067504882812,15.955270710713386,47
Fixed ST-GNN,789,6,14,tt_daanmogot.csv,5.427419662475586,6.301836733026079,47
Fixed ST-GNN,789,6,15,tt_kalimalang.csv,0.9937706589698792,1.5059212005233438,47
Fixed ST-GNN,789,6,16,tt_lingkardalam.csv,4.082052707672119,4.820545160005084,47
Fixed ST-GNN,789,6,17,tt_majapahit.csv,3.9326210021972656,4.667310034589986,47
Fixed ST-GNN,789,6,18,tt_merdekabar.csv,3.031390905380249,4.390570480714114,47
Fixed ST-GNN,789,6,19,tt_mtharyono.csv,2.9056103229522705,3.3619933813825336,47
Fixed ST-GNN,789,6,20,tt_rayabogor.csv,2.549649477005005,2.992407409714274,47
Fixed ST-GNN,789,6,21,tt_sparman.csv,1.674599528312683,1.9850635085047634,47
Fixed ST-GNN,789,6,22,tt_sudirman_s.csv,2.165426731109619,2.5079904653559604,47
Fixed ST-GNN,789,6,23,tt_sultanagung.csv,1.4128952026367188,2.462226844780198,47
Fixed ST-GNN,789,6,24,tt_cakungcilincing.csv,5.630323886871338,6.189940924786257,47
Fixed ST-GNN,789,6,25,tt_cibinong.csv,5.098829746246338,6.07624438692268,47
Fixed ST-GNN,789,6,26,tt_cibitung.csv,0.9653601050376892,1.4106839954511332,47
Fixed ST-GNN,789,6,27,tt_cijantung.csv,1.5632086992263794,2.219196543285315,47
Fixed ST-GNN,789,6,28,tt_cilodong.csv,2.89966082572937,3.2989784509117484,47
Fixed ST-GNN,789,6,29,tt_cimanggis.csv,2.2845945358276367,2.6339264728824117,47
Fixed ST-GNN,789,6,30,tt_cipondoh.csv,3.327353000640869,4.511096835518368,47
Fixed ST-GNN,789,6,31,tt_fatmawati.csv,4.736738681793213,6.239611422348695,47
Fixed ST-GNN,789,6,32,tt_gadingserpong.csv,3.919694185256958,4.307499294358437,47
Fixed ST-GNN,789,6,33,tt_gajahmada.csv,2.328859329223633,2.721522704142407,47
Fixed ST-GNN,789,6,34,tt_gunungsahari.csv,2.5872650146484375,2.8864524625573718,47
Fixed ST-GNN,789,6,35,tt_hayamwuruk.csv,4.337937355041504,4.723787360022155,47
Fixed ST-GNN,789,6,36,tt_jatinegara.csv,3.7971556186676025,4.421798004450575,47
Fixed ST-GNN,789,6,37,tt_jorr_west.csv,2.7011945247650146,3.529113122983514,47
Fixed ST-GNN,789,6,38,tt_kapukmuara.csv,3.760380268096924,4.526494760371852,47
Fixed ST-GNN,789,6,39,tt_karawaci.csv,2.9667611122131348,3.4051150609768257,47
Fixed ST-GNN,789,6,40,tt_kedoya.csv,3.143183946609497,4.149823260852621,47
Fixed ST-GNN,789,6,41,tt_kemang.csv,2.7019078731536865,3.6621278645366577,47
Fixed ST-GNN,789,6,42,tt_kramatraya.csv,2.189418315887451,2.8901049996807533,47
Fixed ST-GNN,789,6,43,tt_lebakbulus.csv,5.280501842498779,6.158941155129163,47
Fixed ST-GNN,789,6,44,tt_lentengagung.csv,4.845786094665527,8.352403817831895,47
Fixed ST-GNN,789,6,45,tt_mampang.csv,3.055248737335205,3.948768476857776,47
Fixed ST-GNN,789,6,46,tt_manggadua.csv,3.713069200515747,4.654148523653345,47
Fixed ST-GNN,789,6,47,tt_martadinata.csv,3.3412325382232666,4.074439711170228,47
Fixed ST-GNN,789,6,48,tt_matraman.csv,3.8860883712768555,4.985966634590528,47
Fixed ST-GNN,789,6,49,tt_merak_toll_e.csv,2.1620607376098633,2.7661215988263077,47
Fixed ST-GNN,789,6,50,tt_otista.csv,2.3022990226745605,2.7769970898831056,47
Fixed ST-GNN,789,6,51,tt_pemuda.csv,4.294617652893066,4.759717738333692,47
Fixed ST-GNN,789,6,52,tt_perintis.csv,3.0862200260162354,3.4083347765135255,47
Fixed ST-GNN,789,6,53,tt_pluit.csv,2.2767088413238525,2.790110415252948,47
Fixed ST-GNN,789,6,54,tt_pondokindah.csv,2.6743664741516113,3.3403064429590192,47
Fixed ST-GNN,789,6,55,tt_pospengumben.csv,2.9789156913757324,3.611970702997737,47
Fixed ST-GNN,789,6,56,tt_pramuka.csv,5.341756820678711,5.996796388493512,47
Fixed ST-GNN,789,6,57,tt_purikembangan.csv,7.134413719177246,8.798405190653916,47
Fixed ST-GNN,789,6,58,tt_ragunan.csv,3.235341787338257,3.8494261722721643,47
Fixed ST-GNN,789,6,59,tt_rayabekasi_cakung.csv,3.40254282951355,4.25472131912514,47
Fixed ST-GNN,789,6,60,tt_salemba.csv,4.075344085693359,4.539728690287658,47
Fixed ST-GNN,789,6,61,tt_supomo.csv,7.539170265197754,10.735943142485965,47
Fixed ST-GNN,789,6,62,tt_tambun.csv,2.663947820663452,3.0769661982889245,47
Fixed ST-GNN,789,6,63,tt_tendean.csv,10.116313934326172,12.599857486948265,47
Fixed ST-GNN,2026,1,0,tt_cawang.csv,6.865066051483154,9.539286842801106,46
Fixed ST-GNN,2026,1,1,tt_gatsu.csv,7.1843342781066895,11.011665400943844,46
Fixed ST-GNN,2026,1,2,tt_grogol.csv,2.6855764389038086,3.8174046720482466,46
Fixed ST-GNN,2026,1,3,tt_kelapagading.csv,1.6738289594650269,2.3237212858842247,46
Fixed ST-GNN,2026,1,4,tt_kuningan.csv,2.324357032775879,2.926497775297429,46
Fixed ST-GNN,2026,1,5,tt_sudirman.csv,4.900175094604492,6.163112165830143,46
Fixed ST-GNN,2026,1,6,tt_thamrin.csv,2.1902832984924316,3.1386506056762227,46
Fixed ST-GNN,2026,1,7,tt_bekasi.csv,0.855659008026123,1.1860258087129072,46
Fixed ST-GNN,2026,1,8,tt_bogor.csv,3.56306791305542,5.144964085519371,46
Fixed ST-GNN,2026,1,9,tt_bsd.csv,1.79695463180542,2.5098398160544426,46
Fixed ST-GNN,2026,1,10,tt_depok.csv,2.0396907329559326,2.708139960403727,46
Fixed ST-GNN,2026,1,11,tt_kebonjeruk.csv,2.7429556846618652,3.8862398858980165,46
Fixed ST-GNN,2026,1,12,tt_tangerang.csv,4.532902717590332,6.34942283109937,46
Fixed ST-GNN,2026,1,13,tt_tbsimatupang.csv,9.70263957977295,13.254581451081712,46
Fixed ST-GNN,2026,1,14,tt_daanmogot.csv,3.956965923309326,4.988276852790251,46
Fixed ST-GNN,2026,1,15,tt_kalimalang.csv,0.8004510998725891,1.5815062605486394,46
Fixed ST-GNN,2026,1,16,tt_lingkardalam.csv,3.0493874549865723,4.074193001626451,46
Fixed ST-GNN,2026,1,17,tt_majapahit.csv,2.6234145164489746,3.7749024384883088,46
Fixed ST-GNN,2026,1,18,tt_merdekabar.csv,3.6359524726867676,4.751564370593701,46
Fixed ST-GNN,2026,1,19,tt_mtharyono.csv,2.0696675777435303,2.5763122659161506,46
Fixed ST-GNN,2026,1,20,tt_rayabogor.csv,1.545059323310852,2.1707193057912653,46
Fixed ST-GNN,2026,1,21,tt_sparman.csv,1.43210768699646,1.911141358026532,46
Fixed ST-GNN,2026,1,22,tt_sudirman_s.csv,2.1740615367889404,2.592708148601235,46
Fixed ST-GNN,2026,1,23,tt_sultanagung.csv,1.4904335737228394,2.068724055285998,46
Fixed ST-GNN,2026,1,24,tt_cakungcilincing.csv,3.1179792881011963,4.126629132011267,46
Fixed ST-GNN,2026,1,25,tt_cibinong.csv,3.797476291656494,4.624794207969091,46
Fixed ST-GNN,2026,1,26,tt_cibitung.csv,0.8992324471473694,1.3256493776517857,46
Fixed ST-GNN,2026,1,27,tt_cijantung.csv,1.4886821508407593,2.0990995701930664,46
Fixed ST-GNN,2026,1,28,tt_cilodong.csv,2.4723074436187744,3.1386457440962645,46
Fixed ST-GNN,2026,1,29,tt_cimanggis.csv,2.1993613243103027,2.857174553014149,46
Fixed ST-GNN,2026,1,30,tt_cipondoh.csv,2.55020809173584,3.5017430188731797,46
Fixed ST-GNN,2026,1,31,tt_fatmawati.csv,5.267252445220947,7.101881030569527,46
Fixed ST-GNN,2026,1,32,tt_gadingserpong.csv,2.739973306655884,4.020704329929748,46
Fixed ST-GNN,2026,1,33,tt_gajahmada.csv,1.5536341667175293,2.2045271719877872,46
Fixed ST-GNN,2026,1,34,tt_gunungsahari.csv,1.677831768989563,2.1098194925557525,46
Fixed ST-GNN,2026,1,35,tt_hayamwuruk.csv,2.424652338027954,3.4438340524707387,46
Fixed ST-GNN,2026,1,36,tt_jatinegara.csv,2.570326089859009,3.195395620146352,46
Fixed ST-GNN,2026,1,37,tt_jorr_west.csv,1.8956438302993774,2.812628340442,46
Fixed ST-GNN,2026,1,38,tt_kapukmuara.csv,2.964012861251831,4.176559047504886,46
Fixed ST-GNN,2026,1,39,tt_karawaci.csv,2.592283248901367,3.51033972288905,46
Fixed ST-GNN,2026,1,40,tt_kedoya.csv,2.3406431674957275,3.133942131662123,46
Fixed ST-GNN,2026,1,41,tt_kemang.csv,2.1847548484802246,2.9665721735389194,46
Fixed ST-GNN,2026,1,42,tt_kramatraya.csv,2.296604633331299,3.1554364959511494,46
Fixed ST-GNN,2026,1,43,tt_lebakbulus.csv,2.919076681137085,4.447867947861785,46
Fixed ST-GNN,2026,1,44,tt_lentengagung.csv,5.18979024887085,8.677257620048369,46
Fixed ST-GNN,2026,1,45,tt_mampang.csv,2.360823631286621,3.3035381654220966,46
Fixed ST-GNN,2026,1,46,tt_manggadua.csv,2.5496792793273926,3.8175342029170993,46
Fixed ST-GNN,2026,1,47,tt_martadinata.csv,3.6634912490844727,4.648111899376561,46
Fixed ST-GNN,2026,1,48,tt_matraman.csv,2.8387131690979004,3.689144349795813,46
Fixed ST-GNN,2026,1,49,tt_merak_toll_e.csv,1.4676649570465088,2.266829387583483,46
Fixed ST-GNN,2026,1,50,tt_otista.csv,1.6252450942993164,2.2358127050008596,46
Fixed ST-GNN,2026,1,51,tt_pemuda.csv,3.0172533988952637,4.11847818545721,46
Fixed ST-GNN,2026,1,52,tt_perintis.csv,2.422008752822876,3.2801818562312564,46
Fixed ST-GNN,2026,1,53,tt_pluit.csv,2.001889705657959,2.8771959294286513,46
Fixed ST-GNN,2026,1,54,tt_pondokindah.csv,2.2366178035736084,2.941985419044694,46
Fixed ST-GNN,2026,1,55,tt_pospengumben.csv,2.186828851699829,2.867127961000516,46
Fixed ST-GNN,2026,1,56,tt_pramuka.csv,3.5483245849609375,4.8984077124169065,46
Fixed ST-GNN,2026,1,57,tt_purikembangan.csv,8.456872940063477,10.303336216130054,46
Fixed ST-GNN,2026,1,58,tt_ragunan.csv,2.141619920730591,2.921514478666854,46
Fixed ST-GNN,2026,1,59,tt_rayabekasi_cakung.csv,2.991211175918579,4.09871110893615,46
Fixed ST-GNN,2026,1,60,tt_salemba.csv,2.4366023540496826,3.2341870239476846,46
Fixed ST-GNN,2026,1,61,tt_supomo.csv,5.607278347015381,8.371975025065023,46
Fixed ST-GNN,2026,1,62,tt_tambun.csv,2.014543294906616,2.6742422759804074,46
Fixed ST-GNN,2026,1,63,tt_tendean.csv,7.747918605804443,10.20981965954682,46
Fixed ST-GNN,2026,3,0,tt_cawang.csv,8.043581008911133,10.782425349202878,46
Fixed ST-GNN,2026,3,1,tt_gatsu.csv,8.091645240783691,11.682756573149204,46
Fixed ST-GNN,2026,3,2,tt_grogol.csv,3.304816484451294,4.511410340175929,46
Fixed ST-GNN,2026,3,3,tt_kelapagading.csv,2.4001333713531494,3.044854849125996,46
Fixed ST-GNN,2026,3,4,tt_kuningan.csv,2.8026514053344727,3.5450285419988408,46
Fixed ST-GNN,2026,3,5,tt_sudirman.csv,6.866980075836182,8.271700438072394,46
Fixed ST-GNN,2026,3,6,tt_thamrin.csv,2.9111108779907227,3.800658048571701,46
Fixed ST-GNN,2026,3,7,tt_bekasi.csv,0.9347766637802124,1.3080676031666103,46
Fixed ST-GNN,2026,3,8,tt_bogor.csv,4.498167991638184,5.9319808204222495,46
Fixed ST-GNN,2026,3,9,tt_bsd.csv,1.8168936967849731,2.3290273466621736,46
Fixed ST-GNN,2026,3,10,tt_depok.csv,2.3542401790618896,2.7874739367716344,46
Fixed ST-GNN,2026,3,11,tt_kebonjeruk.csv,3.88238525390625,5.317918056595555,46
Fixed ST-GNN,2026,3,12,tt_tangerang.csv,5.308559417724609,6.709727487957054,46
Fixed ST-GNN,2026,3,13,tt_tbsimatupang.csv,11.921355247497559,15.442043608778913,46
Fixed ST-GNN,2026,3,14,tt_daanmogot.csv,5.003911972045898,6.032671350795515,46
Fixed ST-GNN,2026,3,15,tt_kalimalang.csv,0.8877065777778625,1.5539653385180217,46
Fixed ST-GNN,2026,3,16,tt_lingkardalam.csv,4.018256664276123,4.993131688574641,46
Fixed ST-GNN,2026,3,17,tt_majapahit.csv,3.240629196166992,4.285282880777666,46
Fixed ST-GNN,2026,3,18,tt_merdekabar.csv,2.89693546295166,4.179523443407066,46
Fixed ST-GNN,2026,3,19,tt_mtharyono.csv,2.787426471710205,3.205953549368045,46
Fixed ST-GNN,2026,3,20,tt_rayabogor.csv,1.954473853111267,2.471372635788771,46
Fixed ST-GNN,2026,3,21,tt_sparman.csv,1.6043522357940674,1.9933281718328668,46
Fixed ST-GNN,2026,3,22,tt_sudirman_s.csv,1.9147992134094238,2.2677670580004037,46
Fixed ST-GNN,2026,3,23,tt_sultanagung.csv,1.2812538146972656,2.029572601237775,46
Fixed ST-GNN,2026,3,24,tt_cakungcilincing.csv,4.628640651702881,5.512181403885916,46
Fixed ST-GNN,2026,3,25,tt_cibinong.csv,4.179685592651367,5.1117803761998575,46
Fixed ST-GNN,2026,3,26,tt_cibitung.csv,0.8951274752616882,1.3288543942227933,46
Fixed ST-GNN,2026,3,27,tt_cijantung.csv,1.681551218032837,2.271087270648061,46
Fixed ST-GNN,2026,3,28,tt_cilodong.csv,2.688776731491089,3.306420992087442,46
Fixed ST-GNN,2026,3,29,tt_cimanggis.csv,2.129369020462036,2.7409406908612763,46
Fixed ST-GNN,2026,3,30,tt_cipondoh.csv,3.747844934463501,4.6814277482760644,46
Fixed ST-GNN,2026,3,31,tt_fatmawati.csv,5.620999336242676,7.101439757172898,46
Fixed ST-GNN,2026,3,32,tt_gadingserpong.csv,3.2117950916290283,3.8456727467931078,46
Fixed ST-GNN,2026,3,33,tt_gajahmada.csv,2.0839743614196777,2.7337623999880867,46
Fixed ST-GNN,2026,3,34,tt_gunungsahari.csv,2.3490402698516846,2.714489371683137,46
Fixed ST-GNN,2026,3,35,tt_hayamwuruk.csv,3.71498441696167,4.65866681556141,46
Fixed ST-GNN,2026,3,36,tt_jatinegara.csv,3.14298415184021,3.8683063160222506,46
Fixed ST-GNN,2026,3,37,tt_jorr_west.csv,2.5814051628112793,3.5953511527386337,46
Fixed ST-GNN,2026,3,38,tt_kapukmuara.csv,4.007177352905273,4.915668558654056,46
Fixed ST-GNN,2026,3,39,tt_karawaci.csv,2.7556869983673096,3.4791851994978344,46
Fixed ST-GNN,2026,3,40,tt_kedoya.csv,3.4234254360198975,4.266264591544162,46
Fixed ST-GNN,2026,3,41,tt_kemang.csv,2.642233371734619,3.491130762846889,46
Fixed ST-GNN,2026,3,42,tt_kramatraya.csv,1.970521330833435,2.693869738119234,46
Fixed ST-GNN,2026,3,43,tt_lebakbulus.csv,4.364009380340576,5.793256180179628,46
Fixed ST-GNN,2026,3,44,tt_lentengagung.csv,5.59904146194458,9.287075077158015,46
Fixed ST-GNN,2026,3,45,tt_mampang.csv,3.211169719696045,4.296567815724219,46
Fixed ST-GNN,2026,3,46,tt_manggadua.csv,3.1000750064849854,4.210708527010445,46
Fixed ST-GNN,2026,3,47,tt_martadinata.csv,3.6072275638580322,4.4670703639083635,46
Fixed ST-GNN,2026,3,48,tt_matraman.csv,3.8917737007141113,5.043667083777193,46
Fixed ST-GNN,2026,3,49,tt_merak_toll_e.csv,1.964285135269165,2.65153210093708,46
Fixed ST-GNN,2026,3,50,tt_otista.csv,2.0176796913146973,2.5846779513122153,46
Fixed ST-GNN,2026,3,51,tt_pemuda.csv,3.774836301803589,4.621883476409464,46
Fixed ST-GNN,2026,3,52,tt_perintis.csv,2.7678263187408447,3.3067806459850977,46
Fixed ST-GNN,2026,3,53,tt_pluit.csv,2.587725877761841,3.1854416428146712,46
Fixed ST-GNN,2026,3,54,tt_pondokindah.csv,2.7149908542633057,3.4956362632762343,46
Fixed ST-GNN,2026,3,55,tt_pospengumben.csv,2.6542036533355713,3.405361794675673,46
Fixed ST-GNN,2026,3,56,tt_pramuka.csv,4.628298759460449,5.5895608741099565,46
Fixed ST-GNN,2026,3,57,tt_purikembangan.csv,7.132201671600342,8.760378976227507,46
Fixed ST-GNN,2026,3,58,tt_ragunan.csv,2.7951645851135254,3.5328551838593767,46
Fixed ST-GNN,2026,3,59,tt_rayabekasi_cakung.csv,3.4463796615600586,4.429062895158801,46
Fixed ST-GNN,2026,3,60,tt_salemba.csv,3.237596035003662,3.8494432666074703,46
Fixed ST-GNN,2026,3,61,tt_supomo.csv,7.800595283508301,11.838044495834248,46
Fixed ST-GNN,2026,3,62,tt_tambun.csv,2.201320171356201,2.780185710137944,46
Fixed ST-GNN,2026,3,63,tt_tendean.csv,9.845330238342285,12.68489055389355,46
Fixed ST-GNN,2026,6,0,tt_cawang.csv,9.677684783935547,11.559600301518188,47
Fixed ST-GNN,2026,6,1,tt_gatsu.csv,8.087525367736816,11.76620145603931,47
Fixed ST-GNN,2026,6,2,tt_grogol.csv,3.2664103507995605,4.063622891689062,47
Fixed ST-GNN,2026,6,3,tt_kelapagading.csv,3.0672428607940674,3.465554905174819,47
Fixed ST-GNN,2026,6,4,tt_kuningan.csv,3.1376166343688965,3.7109409693651547,47
Fixed ST-GNN,2026,6,5,tt_sudirman.csv,8.433469772338867,9.244024047503355,47
Fixed ST-GNN,2026,6,6,tt_thamrin.csv,3.1224303245544434,3.971774893398795,47
Fixed ST-GNN,2026,6,7,tt_bekasi.csv,1.1449635028839111,1.6045125448058077,47
Fixed ST-GNN,2026,6,8,tt_bogor.csv,4.787729263305664,5.668560646536896,47
Fixed ST-GNN,2026,6,9,tt_bsd.csv,1.7504924535751343,2.1316076655371203,47
Fixed ST-GNN,2026,6,10,tt_depok.csv,2.4910573959350586,2.941000131481885,47
Fixed ST-GNN,2026,6,11,tt_kebonjeruk.csv,4.134786605834961,5.411457178031888,47
Fixed ST-GNN,2026,6,12,tt_tangerang.csv,5.616539478302002,6.8727896171483405,47
Fixed ST-GNN,2026,6,13,tt_tbsimatupang.csv,12.211139678955078,15.674065053699923,47
Fixed ST-GNN,2026,6,14,tt_daanmogot.csv,5.337074279785156,6.2446067428464005,47
Fixed ST-GNN,2026,6,15,tt_kalimalang.csv,0.9730105996131897,1.656942618597232,47
Fixed ST-GNN,2026,6,16,tt_lingkardalam.csv,4.290797710418701,5.069122880233063,47
Fixed ST-GNN,2026,6,17,tt_majapahit.csv,3.5470938682556152,4.201499426082094,47
Fixed ST-GNN,2026,6,18,tt_merdekabar.csv,3.1732122898101807,4.425543567440001,47
Fixed ST-GNN,2026,6,19,tt_mtharyono.csv,2.6955294609069824,3.0560427730023547,47
Fixed ST-GNN,2026,6,20,tt_rayabogor.csv,2.3643248081207275,2.786574677982652,47
Fixed ST-GNN,2026,6,21,tt_sparman.csv,1.6900651454925537,2.0129066293421825,47
Fixed ST-GNN,2026,6,22,tt_sudirman_s.csv,2.3456592559814453,2.7264217132684267,47
Fixed ST-GNN,2026,6,23,tt_sultanagung.csv,1.5605895519256592,2.3828596266792057,47
Fixed ST-GNN,2026,6,24,tt_cakungcilincing.csv,5.9710893630981445,6.411548042651061,47
Fixed ST-GNN,2026,6,25,tt_cibinong.csv,5.010939121246338,5.850826772318399,47
Fixed ST-GNN,2026,6,26,tt_cibitung.csv,1.021834373474121,1.4093714085975106,47
Fixed ST-GNN,2026,6,27,tt_cijantung.csv,1.6045833826065063,2.283066744683815,47
Fixed ST-GNN,2026,6,28,tt_cilodong.csv,2.9420759677886963,3.3711435396091396,47
Fixed ST-GNN,2026,6,29,tt_cimanggis.csv,2.1959333419799805,2.6007761640375793,47
Fixed ST-GNN,2026,6,30,tt_cipondoh.csv,3.150730848312378,4.388211819108138,47
Fixed ST-GNN,2026,6,31,tt_fatmawati.csv,4.791537761688232,6.43711866712267,47
Fixed ST-GNN,2026,6,32,tt_gadingserpong.csv,3.624194860458374,4.075682160553315,47
Fixed ST-GNN,2026,6,33,tt_gajahmada.csv,2.297316312789917,2.7583438696376716,47
Fixed ST-GNN,2026,6,34,tt_gunungsahari.csv,2.41190505027771,2.706092132122068,47
Fixed ST-GNN,2026,6,35,tt_hayamwuruk.csv,4.329004287719727,4.740318068121894,47
Fixed ST-GNN,2026,6,36,tt_jatinegara.csv,3.2875726222991943,3.948008969854274,47
Fixed ST-GNN,2026,6,37,tt_jorr_west.csv,2.716341257095337,3.518809863812766,47
Fixed ST-GNN,2026,6,38,tt_kapukmuara.csv,3.924478054046631,4.706986879005079,47
Fixed ST-GNN,2026,6,39,tt_karawaci.csv,2.796288251876831,3.370377943087102,47
Fixed ST-GNN,2026,6,40,tt_kedoya.csv,3.5871152877807617,4.508915017632343,47
Fixed ST-GNN,2026,6,41,tt_kemang.csv,2.831744909286499,3.5225727517254675,47
Fixed ST-GNN,2026,6,42,tt_kramatraya.csv,2.312061309814453,2.964812066231809,47
Fixed ST-GNN,2026,6,43,tt_lebakbulus.csv,5.5523271560668945,6.322115382830209,47
Fixed ST-GNN,2026,6,44,tt_lentengagung.csv,4.906135082244873,8.2079445477373,47
Fixed ST-GNN,2026,6,45,tt_mampang.csv,2.960150957107544,3.640464288004865,47
Fixed ST-GNN,2026,6,46,tt_manggadua.csv,3.587315320968628,4.613034828833536,47
Fixed ST-GNN,2026,6,47,tt_martadinata.csv,3.6565194129943848,4.340773845891624,47
Fixed ST-GNN,2026,6,48,tt_matraman.csv,3.7838499546051025,4.99286027413556,47
Fixed ST-GNN,2026,6,49,tt_merak_toll_e.csv,2.2149956226348877,2.8793497766177,47
Fixed ST-GNN,2026,6,50,tt_otista.csv,2.2122530937194824,2.7448325591446334,47
Fixed ST-GNN,2026,6,51,tt_pemuda.csv,3.7724525928497314,4.31602201520875,47
Fixed ST-GNN,2026,6,52,tt_perintis.csv,3.0551517009735107,3.4284718646624808,47
Fixed ST-GNN,2026,6,53,tt_pluit.csv,2.599830150604248,3.119416704183784,47
Fixed ST-GNN,2026,6,54,tt_pondokindah.csv,2.966076374053955,3.8182534751938717,47
Fixed ST-GNN,2026,6,55,tt_pospengumben.csv,2.8727378845214844,3.4484732525332857,47
Fixed ST-GNN,2026,6,56,tt_pramuka.csv,4.946051597595215,5.748112907898828,47
Fixed ST-GNN,2026,6,57,tt_purikembangan.csv,6.497992515563965,7.883792147144974,47
Fixed ST-GNN,2026,6,58,tt_ragunan.csv,3.2020576000213623,3.68751474151251,47
Fixed ST-GNN,2026,6,59,tt_rayabekasi_cakung.csv,3.3862404823303223,4.286622400801786,47
Fixed ST-GNN,2026,6,60,tt_salemba.csv,3.54585337638855,4.159399918410637,47
Fixed ST-GNN,2026,6,61,tt_supomo.csv,7.114833831787109,10.615467058454877,47
Fixed ST-GNN,2026,6,62,tt_tambun.csv,2.1254258155822754,2.6185422209474725,47
Fixed ST-GNN,2026,6,63,tt_tendean.csv,10.666829109191895,13.290163598930155,47
