file,rows,start,end,speed_null,speed_min,speed_max,speed_mean,speed_std,speed_unique,speed_zero,speed_negative,ff_null,ff_min,ff_max,ff_mean,ff_negative,speed_above_ff,speed_above_ff_pct,congestion_null,congestion_min,congestion_max,congestion_mean,congestion_negative,congestion_above_1,confidence_null,confidence_min,confidence_max,confidence_mean,confidence_below_0,confidence_above_1,road_closure_count,flag_near_constant_speed,flag_extreme_speed,flag_confidence,flag_congestion,num_flags
tt_cawang.csv,639,2026-07-27 02:00:00+00:00,2026-09-11 12:00:00+00:00,0,9.0,43.0,33.46478873239437,10.34248608466112,29,0,0,0,41.0,45.0,42.61971830985915,0,0,0.0,0,0.0,0.7906976744186046,0.21678849222395621,0,0,0,1.0,1.0,1.0,0,0,0,False,False,False,False,0
tt_gatsu.csv,639,2026-07-27 02:00:00+00:00,2026-09-11 12:00:00+00:00,0,4.0,45.0,40.59467918622848,10.034425220853691,36,0,0,0,40.0,47.0,44.80907668231612,0,0,0.0,0,0.0,0.902439024390244,0.09593332876957178,0,0,0,0.97,1.0,0.9999126588419406,0,0,0,False,False,False,False,0
tt_grogol.csv,639,2026-07-27 02:00:00+00:00,2026-09-11 12:00:00+00:00,0,22.0,40.0,35.67449139280125,4.8066526210655836,18,0,0,0,39.0,41.0,39.91549295774648,0,0,0.0,0,0.0,0.4499999999999999,0.10644360569643975,0,0,0,0.907297,1.0,0.9996009546165886,0,0,0,False,False,False,False,0
tt_kelapagading.csv,639,2026-07-27 02:00:00+00:00,2026-09-11 12:00:00+00:00,0,17.0,29.0,25.38810641627543,3.828974999071783,13,0,0,0,28.0,30.0,29.009389671361504,0,0,0.0,0,0.0,0.4137931034482759,0.12470030913450048,0,0,0,0.992894,1.0,0.9994114460093897,0,0,0,False,False,False,False,0
tt_kuningan.csv,639,2026-07-27 02:00:00+00:00,2026-09-11 12:00:00+00:00,0,10.0,21.0,19.391236306729265,2.826262561740515,9,0,0,0,19.0,21.0,20.77151799687011,0,0,0.0,0,0.0,0.5,0.0685093014225705,0,0,0,0.938113,1.0,0.9984197026604069,0,0,0,False,False,False,False,0
tt_sudirman.csv,639,2026-07-27 02:00:00+00:00,2026-09-11 12:00:00+00:00,0,11.0,39.0,31.331768388106415,7.303503807833384,28,0,0,0,31.0,40.0,38.51017214397496,0,0,0.0,0,0.0,0.725,0.18628593994336837,0,0,0,0.63655,1.0,0.9961707777777778,0,0,0,False,False,False,False,0
tt_thamrin.csv,639,2026-07-27 02:00:00+00:00,2026-09-11 12:00:00+00:00,0,5.0,22.0,18.516431924882628,3.8063586184529097,17,0,0,0,21.0,26.0,22.49452269170579,0,0,0.0,0,0.0,0.7727272727272727,0.17444729217846178,0,0,0,0.797505,1.0,0.9990591173708921,0,0,0,False,False,False,False,0
tt_bekasi.csv,638,2026-07-27 02:00:00+00:00,2026-09-11 12:00:00+00:00,0,11.0,18.0,16.979623824451412,1.7026782438466956,8,0,0,0,16.0,18.0,17.733542319749215,0,0,0.0,0,0.0,0.3529411764705882,0.043745646116335773,0,0,0,0.540109,1.0,0.9646888197492163,0,0,0,False,False,False,False,0
tt_bogor.csv,638,2026-07-27 02:00:00+00:00,2026-09-11 12:00:00+00:00,0,27.0,45.0,39.67398119122257,5.222549238251039,15,0,0,0,44.0,46.0,44.791536050156736,0,0,0.0,0,0.0,0.4,0.11467592649956011,0,0,0,0.985905,1.0,0.999926920062696,0,0,0,False,False,False,False,0
tt_bsd.csv,638,2026-07-27 02:00:00+00:00,2026-09-11 12:00:00+00:00,0,23.0,34.0,32.96394984326019,2.2350746360163356,9,0,0,0,33.0,35.0,33.97335423197492,0,0,0.0,0,0.0,0.303030303030303,0.02978982416563091,0,0,0,0.987787,1.0,0.999938948275862,0,0,0,False,False,False,False,0
tt_depok.csv,638,2026-07-27 02:00:00+00:00,2026-09-11 12:00:00+00:00,0,20.0,31.0,28.20062695924765,3.0793584698597307,12,0,0,0,30.0,32.0,31.0282131661442,0,0,0.0,0,0.0,0.3548387096774194,0.09100494657363398,0,0,0,0.812022,1.0,0.9885671896551724,0,0,0,False,False,False,False,0
tt_kebonjeruk.csv,638,2026-07-27 02:00:00+00:00,2026-09-11 12:00:00+00:00,0,18.0,35.0,28.821316614420063,5.39312168684439,16,0,0,0,34.0,36.0,35.26802507836991,0,0,0.0,0,0.0,0.4857142857142857,0.18179176581813497,0,0,0,0.998537,1.0,0.9999972664576804,0,0,0,False,False,False,False,0
tt_tangerang.csv,638,2026-07-27 02:00:00+00:00,2026-09-11 12:00:00+00:00,0,9.0,48.0,43.78369905956113,6.505902460783583,25,0,0,0,45.0,50.0,47.87147335423197,0,0,0.0,0,0.0,0.8163265306122449,0.08582122892191452,0,0,0,1.0,1.0,1.0,0,0,0,False,False,False,False,0
tt_tbsimatupang.csv,638,2026-07-27 02:00:00+00:00,2026-09-11 12:00:00+00:00,0,7.0,72.0,56.34952978056426,18.822939963043233,53,0,0,0,70.0,74.0,71.79467084639498,0,0,0.0,0,0.0,0.9054054054054054,0.2157825410601396,0,0,0,0.9,1.0,0.9998371567398118,0,0,0,False,False,False,False,0
tt_daanmogot.csv,392,2026-08-12 01:00:00+00:00,2026-09-11 12:00:00+00:00,0,17.0,39.0,34.27040816326531,5.595791425205991,22,0,0,0,38.0,40.0,39.13520408163265,0,0,0.0,0,0.0,0.575,0.123657788013991,0,0,0,1.0,1.0,1.0,0,0,0,False,False,False,False,0
tt_kalimalang.csv,392,2026-08-12 01:00:00+00:00,2026-09-11 12:00:00+00:00,0,23.0,31.0,30.502551020408163,1.6939771819721878,6,0,0,0,30.0,31.0,30.9515306122449,0,0,0.0,0,0.0,0.2333333333333332,0.01474654377880184,0,0,0,0.904327,1.0,0.9989149744897958,0,0,0,False,False,False,False,0
tt_lingkardalam.csv,392,2026-08-12 01:00:00+00:00,2026-09-11 12:00:00+00:00,0,7.0,24.0,19.831632653061224,4.750255816264432,15,0,0,0,21.0,25.0,23.239795918367346,0,0,0.0,0,0.0,0.6666666666666667,0.1491638770132559,0,0,0,0.73,1.0,0.9962369285714285,0,0,0,False,False,False,False,0
tt_majapahit.csv,392,2026-08-12 01:00:00+00:00,2026-09-11 12:00:00+00:00,0,22.0,40.0,35.630102040816325,5.052503063021066,18,0,0,0,39.0,41.0,39.94642857142857,0,0,0.0,0,0.0,0.4634146341463414,0.10813622353256498,0,0,0,0.907297,1.0,0.9994687168367348,0,0,0,False,False,False,False,0
tt_merdekabar.csv,392,2026-08-12 01:00:00+00:00,2026-09-11 12:00:00+00:00,0,11.0,27.0,24.497448979591837,4.191697264410867,13,0,0,0,25.0,28.0,26.869897959183675,0,0,0.0,0,0.0,0.5925925925925926,0.08925490892327625,0,0,0,0.6,1.0,0.9877564336734694,0,0,0,False,False,False,False,0
tt_mtharyono.csv,392,2026-08-12 01:00:00+00:00,2026-09-11 12:00:00+00:00,0,10.0,47.0,46.375,3.628487386792537,9,0,0,0,46.0,48.0,46.994897959183675,0,0,0.0,0,0.0,0.7872340425531915,0.013200134355314743,0,0,0,1.0,1.0,1.0,0,0,0,False,False,False,False,0
tt_rayabogor.csv,392,2026-08-12 01:00:00+00:00,2026-09-11 12:00:00+00:00,0,15.0,23.0,21.09438775510204,2.666217400217117,8,0,0,0,21.0,23.0,22.696428571428573,0,0,0.0,0,0.0,0.3478260869565217,0.0721778406450101,0,0,0,0.79568,1.0,0.9849709413265306,0,0,0,False,False,False,False,0
tt_sparman.csv,392,2026-08-12 01:00:00+00:00,2026-09-11 12:00:00+00:00,0,13.0,24.0,23.785714285714285,1.209510479914506,8,0,0,0,23.0,24.0,23.982142857142858,0,0,0.0,0,0.0,0.4347826086956522,0.00837400177462289,0,0,0,0.795556,1.0,0.9960585739795919,0,0,0,False,False,False,False,0
tt_sudirman_s.csv,392,2026-08-12 01:00:00+00:00,2026-09-11 12:00:00+00:00,0,11.0,21.0,19.466836734693878,2.4335511176735065,11,0,0,0,20.0,22.0,21.010204081632654,0,0,0.0,0,0.0,0.4761904761904761,0.07345779220779221,0,0,0,0.979452,1.0,0.9991268596938776,0,0,0,False,False,False,False,0
tt_sultanagung.csv,392,2026-08-12 01:00:00+00:00,2026-09-11 12:00:00+00:00,0,14.0,25.0,24.068877551020407,2.3335320068324825,8,0,0,0,24.0,25.0,24.933673469387756,0,0,0.0,0,0.0,0.4399999999999999,0.03527636054421768,0,0,0,0.5879,1.0,0.9815426428571428,0,0,0,False,False,False,False,0
tt_cakungcilincing.csv,390,2026-08-12 04:00:00+00:00,2026-09-11 12:00:00+00:00,0,15.0,29.0,23.638461538461538,4.68603544782914,12,0,0,0,27.0,29.0,28.574358974358976,0,0,0.0,0,0.0,0.4827586206896551,0.17430950275777862,0,0,0,0.865188,1.0,0.978589558974359,0,0,0,False,False,False,False,0
tt_cibinong.csv,390,2026-08-12 04:00:00+00:00,2026-09-11 12:00:00+00:00,0,27.0,44.0,39.98461538461538,4.531497222259008,13,0,0,0,43.0,45.0,44.05641025641026,0,0,0.0,0,0.0,0.3863636363636363,0.09228453286592818,0,0,0,0.997971,1.0,0.9999750615384615,0,0,0,False,False,False,False,0
tt_cibitung.csv,390,2026-08-12 04:00:00+00:00,2026-09-11 12:00:00+00:00,0,16.0,23.0,22.26923076923077,1.6135120081961698,8,0,0,0,22.0,23.0,22.97179487179487,0,0,0.0,0,0.0,0.3043478260869565,0.030693219823654597,0,0,0,0.761762,1.0,0.9817004820512821,0,0,0,False,False,False,False,0
tt_cijantung.csv,390,2026-08-12 04:00:00+00:00,2026-09-11 12:00:00+00:00,0,14.0,21.0,20.164102564102564,1.9330021377426956,5,0,0,0,20.0,21.0,20.935897435897434,0,0,0.0,0,0.0,0.3333333333333333,0.037466422466422455,0,0,0,0.6,1.0,0.9980623897435897,0,0,0,True,False,False,False,1
tt_cilodong.csv,390,2026-08-12 04:00:00+00:00,2026-09-11 12:00:00+00:00,0,18.0,30.0,26.97948717948718,3.0739957071870423,9,0,0,0,29.0,30.0,29.358974358974358,0,0,0.0,0,0.0,0.3793103448275862,0.08005305039787797,0,0,0,0.907378,1.0,0.9882093282051283,0,0,0,False,False,False,False,0
tt_cimanggis.csv,390,2026-08-12 04:00:00+00:00,2026-09-11 12:00:00+00:00,0,18.0,25.0,24.194871794871794,1.9943298438166253,6,0,0,0,24.0,25.0,24.933333333333334,0,0,0.0,0,0.0,0.28,0.030051282051282043,0,0,0,0.923453,1.0,0.9972777923076923,0,0,0,False,False,False,False,0
tt_cipondoh.csv,390,2026-08-12 04:00:00+00:00,2026-09-11 12:00:00+00:00,0,19.0,34.0,29.17948717948718,4.840233029252845,12,0,0,0,33.0,34.0,33.9025641025641,0,0,0.0,0,0.0,0.4242424242424242,0.13960418666301017,0,0,0,0.99,1.0,0.999514176923077,0,0,0,False,False,False,False,0
tt_fatmawati.csv,390,2026-08-12 04:00:00+00:00,2026-09-11 12:00:00+00:00,0,11.0,35.0,30.338461538461537,6.357661021805325,18,0,0,0,33.0,36.0,34.85128205128205,0,0,0.0,0,0.0,0.6666666666666667,0.13042747013335249,0,0,0,0.98,1.0,0.999948717948718,0,0,0,False,False,False,False,0
tt_gadingserpong.csv,390,2026-08-12 04:00:00+00:00,2026-09-11 12:00:00+00:00,0,14.0,36.0,33.802564102564105,4.578871066815812,17,0,0,0,34.0,37.0,35.85128205128205,0,0,0.0,0,0.0,0.5882352941176471,0.05797536709301414,0,0,0,0.656397,1.0,0.9950556871794872,0,0,0,False,False,False,False,0
tt_gajahmada.csv,390,2026-08-12 04:00:00+00:00,2026-09-11 12:00:00+00:00,0,12.0,21.0,18.743589743589745,2.8647126104121563,9,0,0,0,18.0,22.0,20.98205128205128,0,0,0.0,0,0.0,0.4545454545454546,0.1065133015133015,0,0,0,0.739265,1.0,0.976911582051282,0,0,0,False,False,False,False,0
tt_gunungsahari.csv,390,2026-08-12 04:00:00+00:00,2026-09-11 12:00:00+00:00,0,15.0,25.0,22.56153846153846,3.0940788783094573,10,0,0,0,23.0,25.0,24.76923076923077,0,0,0.0,0,0.0,0.4,0.09033277591973242,0,0,0,1.0,1.0,1.0,0,0,0,False,False,False,False,0
tt_hayamwuruk.csv,390,2026-08-12 04:00:00+00:00,2026-09-11 12:00:00+00:00,0,12.0,24.0,19.96153846153846,4.017450072130886,12,0,0,0,23.0,25.0,23.98974358974359,0,0,0.0,0,0.0,0.5,0.16781772575250836,0,0,0,0.917731,1.0,0.9922750307692308,0,0,0,False,False,False,False,0
tt_jatinegara.csv,390,2026-08-12 04:00:00+00:00,2026-09-11 12:00:00+00:00,0,21.0,35.0,31.753846153846155,4.003972715741728,14,0,0,0,34.0,36.0,34.81025641025641,0,0,0.0,0,0.0,0.4,0.08749766573295982,0,0,0,0.980544,1.0,0.9985310205128205,0,0,0,False,False,False,False,0
tt_jorr_west.csv,390,2026-08-12 04:00:00+00:00,2026-09-11 12:00:00+00:00,0,17.0,30.0,25.307692307692307,4.336453043105202,10,0,0,0,28.0,30.0,29.525641025641026,0,0,0.0,0,0.0,0.4333333333333333,0.14463790998273754,0,0,0,0.984261,1.0,0.9978720846153847,0,0,0,False,False,False,False,0
tt_kapukmuara.csv,390,2026-08-12 04:00:00+00:00,2026-09-11 12:00:00+00:00,0,12.0,33.0,29.566666666666666,4.738337507054836,17,0,0,0,32.0,34.0,32.91794871794872,0,0,0.0,0,0.0,0.6363636363636364,0.10207747726130077,0,0,0,0.998612,1.0,0.9999914769230769,0,0,0,False,False,False,False,0
tt_karawaci.csv,390,2026-08-12 04:00:00+00:00,2026-09-11 12:00:00+00:00,0,20.0,31.0,29.84102564102564,2.7417291326593483,10,0,0,0,30.0,31.0,30.912820512820513,0,0,0.0,0,0.0,0.3548387096774194,0.035164047422111926,0,0,0,0.987796,1.0,0.9997328128205129,0,0,0,False,False,False,False,0
tt_kedoya.csv,390,2026-08-12 04:00:00+00:00,2026-09-11 12:00:00+00:00,0,14.0,29.0,23.433333333333334,4.599029367435744,13,0,0,0,27.0,29.0,28.635897435897437,0,0,0.0,0,0.0,0.5,0.18285908429586592,0,0,0,0.935814,1.0,0.9919943897435898,0,0,0,False,False,False,False,0
tt_kemang.csv,390,2026-08-12 04:00:00+00:00,2026-09-11 12:00:00+00:00,0,16.0,28.0,23.325641025641026,4.303894210141728,10,0,0,0,27.0,29.0,27.94871794871795,0,0,0.0,0,0.0,0.4482758620689655,0.16551653965447066,0,0,0,0.998236,1.0,0.9999902743589745,0,0,0,False,False,False,False,0
tt_kramatraya.csv,390,2026-08-12 04:00:00+00:00,2026-09-11 12:00:00+00:00,0,6.0,27.0,25.08974358974359,3.6101324753192494,16,0,0,0,26.0,30.0,27.056410256410256,0,0,0.0,0,0.0,0.8,0.07193820898949103,0,0,0,0.987516,1.0,0.9999340769230769,0,0,0,False,False,False,False,0
tt_lebakbulus.csv,390,2026-08-12 04:00:00+00:00,2026-09-11 12:00:00+00:00,0,14.0,32.0,24.953846153846154,5.849696063725634,12,0,0,0,30.0,32.0,31.41025641025641,0,0,0.0,0,0.0,0.5625,0.20806175902950097,0,0,0,0.98,1.0,0.9994272615384615,0,0,0,False,False,False,False,0
tt_lentengagung.csv,390,2026-08-12 04:00:00+00:00,2026-09-11 12:00:00+00:00,0,8.0,48.0,46.53846153846154,4.427921189331198,12,0,0,0,46.0,48.0,47.88974358974359,0,0,0.0,0,0.0,0.8260869565217391,0.028733732220087443,0,0,0,0.975721,1.0,0.9998928076923077,0,0,0,False,False,False,False,0
tt_mampang.csv,390,2026-08-12 04:00:00+00:00,2026-09-11 12:00:00+00:00,0,19.0,34.0,30.294871794871796,4.0048459539196495,16,0,0,0,32.0,35.0,33.95384615384615,0,0,0.0,0,0.0,0.4571428571428572,0.10696434284669577,0,0,0,0.936961,1.0,0.9995165923076923,0,0,0,False,False,False,False,0
tt_manggadua.csv,390,2026-08-12 04:00:00+00:00,2026-09-11 12:00:00+00:00,0,19.0,35.0,32.34871794871795,4.591423310687977,13,0,0,0,34.0,36.0,34.95384615384615,0,0,0.0,0,0.0,0.4722222222222222,0.07471138882903587,0,0,0,0.969901,1.0,0.998537305128205,0,0,0,False,False,False,False,0
tt_martadinata.csv,390,2026-08-12 04:00:00+00:00,2026-09-11 12:00:00+00:00,0,17.0,35.0,31.953846153846154,3.958385466735498,14,0,0,0,33.0,36.0,34.823076923076925,0,0,0.0,0,0.0,0.5142857142857142,0.08301058418705477,0,0,0,0.65,1.0,0.991697076923077,0,0,0,False,False,False,False,0
tt_matraman.csv,390,2026-08-12 04:00:00+00:00,2026-09-11 12:00:00+00:00,0,26.0,41.0,36.176923076923075,4.849082893093635,14,0,0,0,41.0,42.0,41.166666666666664,0,0,0.0,0,0.0,0.3809523809523809,0.12067661335954016,0,0,0,0.9984,1.0,0.9999511564102564,0,0,0,False,False,False,False,0
tt_merak_toll_e.csv,390,2026-08-12 04:00:00+00:00,2026-09-11 12:00:00+00:00,0,14.0,25.0,23.67948717948718,2.5678133783645,8,0,0,0,23.0,25.0,24.794871794871796,0,0,0.0,0,0.0,0.4166666666666666,0.0463210702341137,0,0,0,0.934421,1.0,0.9974338487179486,0,0,0,False,False,False,False,0
tt_otista.csv,390,2026-08-12 04:00:00+00:00,2026-09-11 12:00:00+00:00,0,15.0,24.0,22.025641025641026,2.761162709966396,10,0,0,0,23.0,25.0,23.99230769230769,0,0,0.0,0,0.0,0.375,0.08196618357487921,0,0,0,0.838218,1.0,0.9893991410256411,0,0,0,False,False,False,False,0
tt_pemuda.csv,390,2026-08-12 04:00:00+00:00,2026-09-11 12:00:00+00:00,0,21.0,39.0,38.276923076923076,2.751999650495952,11,0,0,0,38.0,39.0,38.96153846153846,0,0,0.0,0,0.0,0.4615384615384615,0.01778781272708398,0,0,0,0.963859,1.0,0.9991033333333333,0,0,0,False,False,False,False,0
tt_perintis.csv,390,2026-08-12 04:00:00+00:00,2026-09-11 12:00:00+00:00,0,14.0,27.0,24.00769230769231,3.610530486440177,14,0,0,0,26.0,27.0,26.858974358974358,0,0,0.0,0,0.0,0.4615384615384615,0.10681569143107605,0,0,0,0.526293,1.0,0.9482494205128205,0,0,0,False,False,False,False,0
tt_pluit.csv,390,2026-08-12 04:00:00+00:00,2026-09-11 12:00:00+00:00,0,32.0,51.0,50.03076923076923,3.320742154339311,13,0,0,0,50.0,51.0,50.96923076923077,0,0,0.0,0,0.0,0.3725490196078431,0.018533936651583708,0,0,0,1.0,1.0,1.0,0,0,0,False,False,False,False,0
tt_pondokindah.csv,390,2026-08-12 04:00:00+00:00,2026-09-11 12:00:00+00:00,0,8.0,21.0,16.364102564102563,3.2765810116187195,14,0,0,0,18.0,23.0,19.28205128205128,0,0,0.0,0,0.0,0.5909090909090908,0.15105375258693335,0,0,0,0.967421,1.0,0.9968307025641024,0,0,0,False,False,False,False,0
tt_pospengumben.csv,390,2026-08-12 04:00:00+00:00,2026-09-11 12:00:00+00:00,0,16.0,28.0,25.58205128205128,3.096093549504968,12,0,0,0,27.0,29.0,28.23846153846154,0,0,0.0,0,0.0,0.4482758620689655,0.09287760983163282,0,0,0,0.952039,1.0,0.9961133333333333,0,0,0,False,False,False,False,0
tt_pramuka.csv,390,2026-08-12 04:00:00+00:00,2026-09-11 12:00:00+00:00,0,26.0,43.0,38.09487179487179,5.243551491664022,14,0,0,0,42.0,44.0,43.04871794871795,0,0,0.0,0,0.0,0.3953488372093023,0.11491015444503815,0,0,0,0.996154,1.0,0.9999553128205129,0,0,0,False,False,False,False,0
tt_purikembangan.csv,390,2026-08-12 04:00:00+00:00,2026-09-11 12:00:00+00:00,0,14.0,77.0,71.9025641025641,11.304877287166164,28,0,0,0,75.0,78.0,76.8974358974359,0,0,0.0,0,0.0,0.8181818181818181,0.0652360100538238,0,0,0,1.0,1.0,1.0,0,0,0,False,False,False,False,0
tt_ragunan.csv,390,2026-08-12 04:00:00+00:00,2026-09-11 12:00:00+00:00,0,16.0,28.0,23.328205128205127,4.32722883223832,10,0,0,0,27.0,29.0,27.953846153846154,0,0,0.0,0,0.0,0.4482758620689655,0.1655250773066865,0,0,0,0.998236,1.0,0.9999902743589745,0,0,0,False,False,False,False,0
tt_rayabekasi_cakung.csv,390,2026-08-12 04:00:00+00:00,2026-09-11 12:00:00+00:00,0,18.0,36.0,32.805128205128206,4.4320606149482185,16,0,0,0,35.0,38.0,36.246153846153845,0,0,0.0,0,0.0,0.5135135135135135,0.09393654209443682,0,0,0,0.840094,1.0,0.992516076923077,0,0,0,False,False,False,False,0
tt_salemba.csv,390,2026-08-12 04:00:00+00:00,2026-09-11 12:00:00+00:00,0,21.0,35.0,31.77948717948718,4.000975426516442,15,0,0,0,33.0,36.0,34.784615384615385,0,0,0.0,0,0.0,0.4,0.08624366918484565,0,0,0,0.98053,1.0,0.9985584153846153,0,0,0,False,False,False,False,0
tt_supomo.csv,390,2026-08-12 04:00:00+00:00,2026-09-11 12:00:00+00:00,0,4.0,48.0,44.83076923076923,8.090876954644333,25,0,0,0,46.0,50.0,47.90769230769231,0,0,0.0,0,0.0,0.9166666666666666,0.06470732849224985,0,0,0,1.0,1.0,1.0,0,0,0,False,False,False,False,0
tt_tambun.csv,390,2026-08-12 04:00:00+00:00,2026-09-11 12:00:00+00:00,0,24.0,37.0,34.825641025641026,2.8833996954928223,13,0,0,0,37.0,39.0,37.26923076923077,0,0,0.0,0,0.0,0.3513513513513513,0.06492532707107605,0,0,0,0.920357,1.0,0.9931827461538462,0,0,0,False,False,False,False,0
tt_tendean.csv,390,2026-08-12 04:00:00+00:00,2026-09-11 12:00:00+00:00,0,6.0,39.0,29.371794871794872,11.055723516672009,29,0,0,0,36.0,41.0,38.702564102564104,0,0,0.0,0,0.0,0.8421052631578947,0.24290313537820205,0,0,0,0.99,1.0,0.9998979333333333,0,0,0,False,False,False,False,0
