N,min_obs,overlap_start,overlap_end,grid_hours,complete_observed_ts,isolated_1h_filled,valid_ts_after_fill,missing_ts_after_fill,valid_pct,num_segments,longest_segment,usable_windows
2,639,2026-07-27 02:00:00+00:00,2026-09-11 12:00:00+00:00,1115,639,459,1098,17,98.47533632286995,9,612,1039
3,639,2026-07-27 02:00:00+00:00,2026-09-11 12:00:00+00:00,1115,639,459,1098,17,98.47533632286995,9,612,1039
4,639,2026-07-27 02:00:00+00:00,2026-09-11 12:00:00+00:00,1115,639,459,1098,17,98.47533632286995,9,612,1039
5,639,2026-07-27 02:00:00+00:00,2026-09-11 12:00:00+00:00,1115,639,459,1098,17,98.47533632286995,9,612,1039
6,639,2026-07-27 02:00:00+00:00,2026-09-11 12:00:00+00:00,1115,639,459,1098,17,98.47533632286995,9,612,1039
7,639,2026-07-27 02:00:00+00:00,2026-09-11 12:00:00+00:00,1115,639,459,1098,17,98.47533632286995,9,612,1039
8,638,2026-07-27 02:00:00+00:00,2026-09-11 12:00:00+00:00,1115,638,458,1096,19,98.29596412556054,10,612,1020
9,638,2026-07-27 02:00:00+00:00,2026-09-11 12:00:00+00:00,1115,638,458,1096,19,98.29596412556054,10,612,1020
10,638,2026-07-27 02:00:00+00:00,2026-09-11 12:00:00+00:00,1115,638,458,1096,19,98.29596412556054,10,612,1020
11,638,2026-07-27 02:00:00+00:00,2026-09-11 12:00:00+00:00,1115,638,458,1096,19,98.29596412556054,10,612,1020
12,638,2026-07-27 02:00:00+00:00,2026-09-11 12:00:00+00:00,1115,638,458,1096,19,98.29596412556054,10,612,1020
13,638,2026-07-27 02:00:00+00:00,2026-09-11 12:00:00+00:00,1115,638,458,1096,19,98.29596412556054,10,612,1020
14,638,2026-07-27 02:00:00+00:00,2026-09-11 12:00:00+00:00,1115,638,458,1096,19,98.29596412556054,10,612,1020
15,392,2026-08-12 01:00:00+00:00,2026-09-11 12:00:00+00:00,732,392,321,713,19,97.40437158469946,10,415,637
16,392,2026-08-12 01:00:00+00:00,2026-09-11 12:00:00+00:00,732,392,321,713,19,97.40437158469946,10,415,637
17,392,2026-08-12 01:00:00+00:00,2026-09-11 12:00:00+00:00,732,392,321,713,19,97.40437158469946,10,415,637
18,392,2026-08-12 01:00:00+00:00,2026-09-11 12:00:00+00:00,732,392,321,713,19,97.40437158469946,10,415,637
19,392,2026-08-12 01:00:00+00:00,2026-09-11 12:00:00+00:00,732,392,321,713,19,97.40437158469946,10,415,637
20,392,2026-08-12 01:00:00+00:00,2026-09-11 12:00:00+00:00,732,392,321,713,19,97.40437158469946,10,415,637
21,392,2026-08-12 01:00:00+00:00,2026-09-11 12:00:00+00:00,732,392,321,713,19,97.40437158469946,10,415,637
22,392,2026-08-12 01:00:00+00:00,2026-09-11 12:00:00+00:00,732,392,321,713,19,97.40437158469946,10,415,637
23,392,2026-08-12 01:00:00+00:00,2026-09-11 12:00:00+00:00,732,392,321,713,19,97.40437158469946,10,415,637
24,392,2026-08-12 01:00:00+00:00,2026-09-11 12:00:00+00:00,732,392,321,713,19,97.40437158469946,10,415,637
25,390,2026-08-12 04:00:00+00:00,2026-09-11 12:00:00+00:00,729,390,320,710,19,97.39368998628258,10,415,634
26,390,2026-08-12 04:00:00+00:00,2026-09-11 12:00:00+00:00,729,390,320,710,19,97.39368998628258,10,415,634
27,390,2026-08-12 04:00:00+00:00,2026-09-11 12:00:00+00:00,729,390,320,710,19,97.39368998628258,10,415,634
28,390,2026-08-12 04:00:00+00:00,2026-09-11 12:00:00+00:00,729,390,320,710,19,97.39368998628258,10,415,634
29,390,2026-08-12 04:00:00+00:00,2026-09-11 12:00:00+00:00,729,390,320,710,19,97.39368998628258,10,415,634
30,390,2026-08-12 04:00:00+00:00,2026-09-11 12:00:00+00:00,729,390,320,710,19,97.39368998628258,10,415,634
31,390,2026-08-12 04:00:00+00:00,2026-09-11 12:00:00+00:00,729,390,320,710,19,97.39368998628258,10,415,634
32,390,2026-08-12 04:00:00+00:00,2026-09-11 12:00:00+00:00,729,390,320,710,19,97.39368998628258,10,415,634
33,390,2026-08-12 04:00:00+00:00,2026-09-11 12:00:00+00:00,729,390,320,710,19,97.39368998628258,10,415,634
34,390,2026-08-12 04:00:00+00:00,2026-09-11 12:00:00+00:00,729,390,320,710,19,97.39368998628258,10,415,634
35,390,2026-08-12 04:00:00+00:00,2026-09-11 12:00:00+00:00,729,390,320,710,19,97.39368998628258,10,415,634
36,390,2026-08-12 04:00:00+00:00,2026-09-11 12:00:00+00:00,729,390,320,710,19,97.39368998628258,10,415,634
37,390,2026-08-12 04:00:00+00:00,2026-09-11 12:00:00+00:00,729,390,320,710,19,97.39368998628258,10,415,634
38,390,2026-08-12 04:00:00+00:00,2026-09-11 12:00:00+00:00,729,390,320,710,19,97.39368998628258,10,415,634
39,390,2026-08-12 04:00:00+00:00,2026-09-11 12:00:00+00:00,729,390,320,710,19,97.39368998628258,10,415,634
40,390,2026-08-12 04:00:00+00:00,2026-09-11 12:00:00+00:00,729,390,320,710,19,97.39368998628258,10,415,634
41,390,2026-08-12 04:00:00+00:00,2026-09-11 12:00:00+00:00,729,390,320,710,19,97.39368998628258,10,415,634
42,390,2026-08-12 04:00:00+00:00,2026-09-11 12:00:00+00:00,729,390,320,710,19,97.39368998628258,10,415,634
43,390,2026-08-12 04:00:00+00:00,2026-09-11 12:00:00+00:00,729,390,320,710,19,97.39368998628258,10,415,634
44,390,2026-08-12 04:00:00+00:00,2026-09-11 12:00:00+00:00,729,390,320,710,19,97.39368998628258,10,415,634
45,390,2026-08-12 04:00:00+00:00,2026-09-11 12:00:00+00:00,729,390,320,710,19,97.39368998628258,10,415,634
46,390,2026-08-12 04:00:00+00:00,2026-09-11 12:00:00+00:00,729,390,320,710,19,97.39368998628258,10,415,634
47,390,2026-08-12 04:00:00+00:00,2026-09-11 12:00:00+00:00,729,390,320,710,19,97.39368998628258,10,415,634
48,390,2026-08-12 04:00:00+00:00,2026-09-11 12:00:00+00:00,729,390,320,710,19,97.39368998628258,10,415,634
49,390,2026-08-12 04:00:00+00:00,2026-09-11 12:00:00+00:00,729,390,320,710,19,97.39368998628258,10,415,634
50,390,2026-08-12 04:00:00+00:00,2026-09-11 12:00:00+00:00,729,390,320,710,19,97.39368998628258,10,415,634
51,390,2026-08-12 04:00:00+00:00,2026-09-11 12:00:00+00:00,729,390,320,710,19,97.39368998628258,10,415,634
52,390,2026-08-12 04:00:00+00:00,2026-09-11 12:00:00+00:00,729,390,320,710,19,97.39368998628258,10,415,634
53,390,2026-08-12 04:00:00+00:00,2026-09-11 12:00:00+00:00,729,390,320,710,19,97.39368998628258,10,415,634
54,390,2026-08-12 04:00:00+00:00,2026-09-11 12:00:00+00:00,729,390,320,710,19,97.39368998628258,10,415,634
55,390,2026-08-12 04:00:00+00:00,2026-09-11 12:00:00+00:00,729,390,320,710,19,97.39368998628258,10,415,634
56,390,2026-08-12 04:00:00+00:00,2026-09-11 12:00:00+00:00,729,390,320,710,19,97.39368998628258,10,415,634
57,390,2026-08-12 04:00:00+00:00,2026-09-11 12:00:00+00:00,729,390,320,710,19,97.39368998628258,10,415,634
58,390,2026-08-12 04:00:00+00:00,2026-09-11 12:00:00+00:00,729,390,320,710,19,97.39368998628258,10,415,634
59,390,2026-08-12 04:00:00+00:00,2026-09-11 12:00:00+00:00,729,390,320,710,19,97.39368998628258,10,415,634
60,390,2026-08-12 04:00:00+00:00,2026-09-11 12:00:00+00:00,729,390,320,710,19,97.39368998628258,10,415,634
61,390,2026-08-12 04:00:00+00:00,2026-09-11 12:00:00+00:00,729,390,320,710,19,97.39368998628258,10,415,634
62,390,2026-08-12 04:00:00+00:00,2026-09-11 12:00:00+00:00,729,390,320,710,19,97.39368998628258,10,415,634
63,390,2026-08-12 04:00:00+00:00,2026-09-11 12:00:00+00:00,729,390,320,710,19,97.39368998628258,10,415,634
64,390,2026-08-12 04:00:00+00:00,2026-09-11 12:00:00+00:00,729,390,320,710,19,97.39368998628258,10,415,634
65,302,2026-08-18 04:00:00+00:00,2026-09-11 12:00:00+00:00,585,302,264,566,19,96.75213675213675,10,415,490
66,302,2026-08-18 04:00:00+00:00,2026-09-11 12:00:00+00:00,585,302,264,566,19,96.75213675213675,10,415,490
67,302,2026-08-18 04:00:00+00:00,2026-09-11 12:00:00+00:00,585,302,264,566,19,96.75213675213675,10,415,490
68,302,2026-08-18 04:00:00+00:00,2026-09-11 12:00:00+00:00,585,302,264,566,19,96.75213675213675,10,415,490
69,302,2026-08-18 04:00:00+00:00,2026-09-11 12:00:00+00:00,585,302,264,566,19,96.75213675213675,10,415,490
70,302,2026-08-18 04:00:00+00:00,2026-09-11 12:00:00+00:00,585,302,264,566,19,96.75213675213675,10,415,490
71,302,2026-08-18 04:00:00+00:00,2026-09-11 12:00:00+00:00,585,302,264,566,19,96.75213675213675,10,415,490
72,302,2026-08-18 04:00:00+00:00,2026-09-11 12:00:00+00:00,585,302,264,566,19,96.75213675213675,10,415,490
73,302,2026-08-18 04:00:00+00:00,2026-09-11 12:00:00+00:00,585,302,264,566,19,96.75213675213675,10,415,490
74,302,2026-08-18 04:00:00+00:00,2026-09-11 12:00:00+00:00,585,302,264,566,19,96.75213675213675,10,415,490
75,302,2026-08-18 04:00:00+00:00,2026-09-11 12:00:00+00:00,585,302,264,566,19,96.75213675213675,10,415,490
76,302,2026-08-18 04:00:00+00:00,2026-09-11 12:00:00+00:00,585,302,264,566,19,96.75213675213675,10,415,490
77,302,2026-08-18 04:00:00+00:00,2026-09-11 12:00:00+00:00,585,302,264,566,19,96.75213675213675,10,415,490
78,302,2026-08-18 04:00:00+00:00,2026-09-11 12:00:00+00:00,585,302,264,566,19,96.75213675213675,10,415,490
79,302,2026-08-18 04:00:00+00:00,2026-09-11 12:00:00+00:00,585,302,264,566,19,96.75213675213675,10,415,490
80,302,2026-08-18 04:00:00+00:00,2026-09-11 12:00:00+00:00,585,302,264,566,19,96.75213675213675,10,415,490
81,302,2026-08-18 04:00:00+00:00,2026-09-11 12:00:00+00:00,585,302,264,566,19,96.75213675213675,10,415,490
82,302,2026-08-18 04:00:00+00:00,2026-09-11 12:00:00+00:00,585,302,264,566,19,96.75213675213675,10,415,490
83,302,2026-08-18 04:00:00+00:00,2026-09-11 12:00:00+00:00,585,302,264,566,19,96.75213675213675,10,415,490
84,302,2026-08-18 04:00:00+00:00,2026-09-11 12:00:00+00:00,585,302,264,566,19,96.75213675213675,10,415,490
85,302,2026-08-18 04:00:00+00:00,2026-09-11 12:00:00+00:00,585,302,264,566,19,96.75213675213675,10,415,490
86,302,2026-08-18 04:00:00+00:00,2026-09-11 12:00:00+00:00,585,302,264,566,19,96.75213675213675,10,415,490
87,302,2026-08-18 04:00:00+00:00,2026-09-11 12:00:00+00:00,585,302,264,566,19,96.75213675213675,10,415,490
88,302,2026-08-18 04:00:00+00:00,2026-09-11 12:00:00+00:00,585,302,264,566,19,96.75213675213675,10,415,490
89,302,2026-08-18 04:00:00+00:00,2026-09-11 12:00:00+00:00,585,302,264,566,19,96.75213675213675,10,415,490
90,302,2026-08-18 04:00:00+00:00,2026-09-11 12:00:00+00:00,585,302,264,566,19,96.75213675213675,10,415,490
91,302,2026-08-18 04:00:00+00:00,2026-09-11 12:00:00+00:00,585,302,264,566,19,96.75213675213675,10,415,490
92,302,2026-08-18 04:00:00+00:00,2026-09-11 12:00:00+00:00,585,302,264,566,19,96.75213675213675,10,415,490
93,302,2026-08-18 04:00:00+00:00,2026-09-11 12:00:00+00:00,585,302,264,566,19,96.75213675213675,10,415,490
94,302,2026-08-18 04:00:00+00:00,2026-09-11 12:00:00+00:00,585,302,264,566,19,96.75213675213675,10,415,490
95,302,2026-08-18 04:00:00+00:00,2026-09-11 12:00:00+00:00,585,302,264,566,19,96.75213675213675,10,415,490
96,302,2026-08-18 04:00:00+00:00,2026-09-11 12:00:00+00:00,585,302,264,566,19,96.75213675213675,10,415,490
