node_i,corridor_i,node_j,corridor_j,seed_count,stability,present_in_fixed
41,tt_kemang.csv,43,tt_lebakbulus.csv,5,1.0,False
8,tt_bogor.csv,35,tt_hayamwuruk.csv,4,0.8,False
9,tt_bsd.csv,21,tt_sparman.csv,4,0.8,False
24,tt_cakungcilincing.csv,43,tt_lebakbulus.csv,4,0.8,False
27,tt_cijantung.csv,62,tt_tambun.csv,4,0.8,False
29,tt_cimanggis.csv,49,tt_merak_toll_e.csv,4,0.8,False
2,tt_grogol.csv,17,tt_majapahit.csv,4,0.8,True
15,tt_kalimalang.csv,21,tt_sparman.csv,4,0.8,False
39,tt_karawaci.csv,62,tt_tambun.csv,4,0.8,False
11,tt_kebonjeruk.csv,37,tt_jorr_west.csv,4,0.8,False
11,tt_kebonjeruk.csv,40,tt_kedoya.csv,4,0.8,True
3,tt_kelapagading.csv,14,tt_daanmogot.csv,4,0.8,False
44,tt_lentengagung.csv,53,tt_pluit.csv,4,0.8,False
21,tt_sparman.csv,29,tt_cimanggis.csv,4,0.8,False
21,tt_sparman.csv,39,tt_karawaci.csv,4,0.8,False
9,tt_bsd.csv,15,tt_kalimalang.csv,3,0.6,False
9,tt_bsd.csv,62,tt_tambun.csv,3,0.6,False
24,tt_cakungcilincing.csv,40,tt_kedoya.csv,3,0.6,False
0,tt_cawang.csv,37,tt_jorr_west.csv,3,0.6,False
0,tt_cawang.csv,41,tt_kemang.csv,3,0.6,False
0,tt_cawang.csv,43,tt_lebakbulus.csv,3,0.6,False
26,tt_cibitung.csv,62,tt_tambun.csv,3,0.6,True
30,tt_cipondoh.csv,43,tt_lebakbulus.csv,3,0.6,False
1,tt_gatsu.csv,34,tt_gunungsahari.csv,3,0.6,False
1,tt_gatsu.csv,16,tt_lingkardalam.csv,3,0.6,True
2,tt_grogol.csv,45,tt_mampang.csv,3,0.6,False
2,tt_grogol.csv,5,tt_sudirman.csv,3,0.6,False
34,tt_gunungsahari.csv,46,tt_manggadua.csv,3,0.6,True
37,tt_jorr_west.csv,43,tt_lebakbulus.csv,3,0.6,False
15,tt_kalimalang.csv,44,tt_lentengagung.csv,3,0.6,False
11,tt_kebonjeruk.csv,30,tt_cipondoh.csv,3,0.6,False
40,tt_kedoya.csv,43,tt_lebakbulus.csv,3,0.6,False
40,tt_kedoya.csv,58,tt_ragunan.csv,3,0.6,False
3,tt_kelapagading.csv,8,tt_bogor.csv,3,0.6,False
3,tt_kelapagading.csv,10,tt_depok.csv,3,0.6,False
43,tt_lebakbulus.csv,56,tt_pramuka.csv,3,0.6,False
44,tt_lentengagung.csv,54,tt_pondokindah.csv,3,0.6,False
16,tt_lingkardalam.csv,36,tt_jatinegara.csv,3,0.6,False
45,tt_mampang.csv,63,tt_tendean.csv,3,0.6,True
18,tt_merdekabar.csv,29,tt_cimanggis.csv,3,0.6,False
19,tt_mtharyono.csv,26,tt_cibitung.csv,3,0.6,False
53,tt_pluit.csv,54,tt_pondokindah.csv,3,0.6,False
56,tt_pramuka.csv,58,tt_ragunan.csv,3,0.6,False
5,tt_sudirman.csv,33,tt_gajahmada.csv,3,0.6,False
5,tt_sudirman.csv,11,tt_kebonjeruk.csv,3,0.6,False
5,tt_sudirman.csv,17,tt_majapahit.csv,3,0.6,False
5,tt_sudirman.csv,45,tt_mampang.csv,3,0.6,False
12,tt_tangerang.csv,14,tt_daanmogot.csv,3,0.6,False
12,tt_tangerang.csv,34,tt_gunungsahari.csv,3,0.6,False
13,tt_tbsimatupang.csv,43,tt_lebakbulus.csv,3,0.6,True
7,tt_bekasi.csv,27,tt_cijantung.csv,2,0.4,False
7,tt_bekasi.csv,29,tt_cimanggis.csv,2,0.4,False
7,tt_bekasi.csv,18,tt_merdekabar.csv,2,0.4,False
7,tt_bekasi.csv,51,tt_pemuda.csv,2,0.4,False
7,tt_bekasi.csv,53,tt_pluit.csv,2,0.4,False
7,tt_bekasi.csv,22,tt_sudirman_s.csv,2,0.4,False
8,tt_bogor.csv,14,tt_daanmogot.csv,2,0.4,False
8,tt_bogor.csv,16,tt_lingkardalam.csv,2,0.4,False
9,tt_bsd.csv,26,tt_cibitung.csv,2,0.4,False
9,tt_bsd.csv,29,tt_cimanggis.csv,2,0.4,False
9,tt_bsd.csv,39,tt_karawaci.csv,2,0.4,False
24,tt_cakungcilincing.csv,41,tt_kemang.csv,2,0.4,False
0,tt_cawang.csv,24,tt_cakungcilincing.csv,2,0.4,False
0,tt_cawang.csv,54,tt_pondokindah.csv,2,0.4,False
0,tt_cawang.csv,56,tt_pramuka.csv,2,0.4,False
0,tt_cawang.csv,58,tt_ragunan.csv,2,0.4,False
0,tt_cawang.csv,13,tt_tbsimatupang.csv,2,0.4,False
25,tt_cibinong.csv,46,tt_manggadua.csv,2,0.4,False
27,tt_cijantung.csv,32,tt_gadingserpong.csv,2,0.4,False
27,tt_cijantung.csv,44,tt_lentengagung.csv,2,0.4,True
27,tt_cijantung.csv,53,tt_pluit.csv,2,0.4,False
28,tt_cilodong.csv,47,tt_martadinata.csv,2,0.4,False
28,tt_cilodong.csv,50,tt_otista.csv,2,0.4,False
28,tt_cilodong.csv,55,tt_pospengumben.csv,2,0.4,False
28,tt_cilodong.csv,57,tt_purikembangan.csv,2,0.4,False
29,tt_cimanggis.csv,39,tt_karawaci.csv,2,0.4,False
30,tt_cipondoh.csv,41,tt_kemang.csv,2,0.4,False
30,tt_cipondoh.csv,46,tt_manggadua.csv,2,0.4,False
30,tt_cipondoh.csv,48,tt_matraman.csv,2,0.4,False
14,tt_daanmogot.csv,31,tt_fatmawati.csv,2,0.4,False
14,tt_daanmogot.csv,35,tt_hayamwuruk.csv,2,0.4,False
14,tt_daanmogot.csv,36,tt_jatinegara.csv,2,0.4,False
14,tt_daanmogot.csv,16,tt_lingkardalam.csv,2,0.4,False
14,tt_daanmogot.csv,46,tt_manggadua.csv,2,0.4,False
31,tt_fatmawati.csv,36,tt_jatinegara.csv,2,0.4,False
31,tt_fatmawati.csv,60,tt_salemba.csv,2,0.4,False
32,tt_gadingserpong.csv,51,tt_pemuda.csv,2,0.4,False
32,tt_gadingserpong.csv,54,tt_pondokindah.csv,2,0.4,False
32,tt_gadingserpong.csv,56,tt_pramuka.csv,2,0.4,False
33,tt_gajahmada.csv,60,tt_salemba.csv,2,0.4,False
1,tt_gatsu.csv,27,tt_cijantung.csv,2,0.4,False
1,tt_gatsu.csv,10,tt_depok.csv,2,0.4,False
1,tt_gatsu.csv,33,tt_gajahmada.csv,2,0.4,False
1,tt_gatsu.csv,46,tt_manggadua.csv,2,0.4,False
1,tt_gatsu.csv,47,tt_martadinata.csv,2,0.4,False
2,tt_grogol.csv,63,tt_tendean.csv,2,0.4,False
34,tt_gunungsahari.csv,48,tt_matraman.csv,2,0.4,False
34,tt_gunungsahari.csv,52,tt_perintis.csv,2,0.4,False
35,tt_hayamwuruk.csv,37,tt_jorr_west.csv,2,0.4,False
35,tt_hayamwuruk.csv,46,tt_manggadua.csv,2,0.4,True
35,tt_hayamwuruk.csv,58,tt_ragunan.csv,2,0.4,False
36,tt_jatinegara.csv,57,tt_purikembangan.csv,2,0.4,False
36,tt_jatinegara.csv,60,tt_salemba.csv,2,0.4,False
37,tt_jorr_west.csv,38,tt_kapukmuara.csv,2,0.4,False
37,tt_jorr_west.csv,40,tt_kedoya.csv,2,0.4,False
15,tt_kalimalang.csv,29,tt_cimanggis.csv,2,0.4,False
15,tt_kalimalang.csv,19,tt_mtharyono.csv,2,0.4,True
15,tt_kalimalang.csv,51,tt_pemuda.csv,2,0.4,False
15,tt_kalimalang.csv,22,tt_sudirman_s.csv,2,0.4,False
15,tt_kalimalang.csv,23,tt_sultanagung.csv,2,0.4,True
15,tt_kalimalang.csv,62,tt_tambun.csv,2,0.4,True
38,tt_kapukmuara.csv,43,tt_lebakbulus.csv,2,0.4,False
38,tt_kapukmuara.csv,63,tt_tendean.csv,2,0.4,False
39,tt_karawaci.csv,49,tt_merak_toll_e.csv,2,0.4,True
11,tt_kebonjeruk.csv,35,tt_hayamwuruk.csv,2,0.4,False
11,tt_kebonjeruk.csv,43,tt_lebakbulus.csv,2,0.4,False
11,tt_kebonjeruk.csv,48,tt_matraman.csv,2,0.4,False
11,tt_kebonjeruk.csv,58,tt_ragunan.csv,2,0.4,False
11,tt_kebonjeruk.csv,13,tt_tbsimatupang.csv,2,0.4,False
11,tt_kebonjeruk.csv,63,tt_tendean.csv,2,0.4,False
40,tt_kedoya.csv,56,tt_pramuka.csv,2,0.4,False
3,tt_kelapagading.csv,36,tt_jatinegara.csv,2,0.4,False
3,tt_kelapagading.csv,11,tt_kebonjeruk.csv,2,0.4,False
3,tt_kelapagading.csv,16,tt_lingkardalam.csv,2,0.4,False
3,tt_kelapagading.csv,20,tt_rayabogor.csv,2,0.4,False
3,tt_kelapagading.csv,6,tt_thamrin.csv,2,0.4,False
41,tt_kemang.csv,58,tt_ragunan.csv,2,0.4,False
41,tt_kemang.csv,63,tt_tendean.csv,2,0.4,True
42,tt_kramatraya.csv,57,tt_purikembangan.csv,2,0.4,False
4,tt_kuningan.csv,31,tt_fatmawati.csv,2,0.4,False
4,tt_kuningan.csv,36,tt_jatinegara.csv,2,0.4,False
4,tt_kuningan.csv,50,tt_otista.csv,2,0.4,False
43,tt_lebakbulus.csv,58,tt_ragunan.csv,2,0.4,True
44,tt_lentengagung.csv,51,tt_pemuda.csv,2,0.4,False
16,tt_lingkardalam.csv,25,tt_cibinong.csv,2,0.4,False
16,tt_lingkardalam.csv,28,tt_cilodong.csv,2,0.4,False
16,tt_lingkardalam.csv,31,tt_fatmawati.csv,2,0.4,False
16,tt_lingkardalam.csv,34,tt_gunungsahari.csv,2,0.4,False
16,tt_lingkardalam.csv,35,tt_hayamwuruk.csv,2,0.4,False
16,tt_lingkardalam.csv,46,tt_manggadua.csv,2,0.4,False
16,tt_lingkardalam.csv,55,tt_pospengumben.csv,2,0.4,False
16,tt_lingkardalam.csv,57,tt_purikembangan.csv,2,0.4,False
16,tt_lingkardalam.csv,60,tt_salemba.csv,2,0.4,False
17,tt_majapahit.csv,32,tt_gadingserpong.csv,2,0.4,False
17,tt_majapahit.csv,33,tt_gajahmada.csv,2,0.4,True
17,tt_majapahit.csv,63,tt_tendean.csv,2,0.4,False
45,tt_mampang.csv,46,tt_manggadua.csv,2,0.4,False
47,tt_martadinata.csv,62,tt_tambun.csv,2,0.4,False
48,tt_matraman.csv,63,tt_tendean.csv,2,0.4,False
49,tt_merak_toll_e.csv,62,tt_tambun.csv,2,0.4,False
18,tt_merdekabar.csv,49,tt_merak_toll_e.csv,2,0.4,False
18,tt_merdekabar.csv,19,tt_mtharyono.csv,2,0.4,False
18,tt_merdekabar.csv,20,tt_rayabogor.csv,2,0.4,False
18,tt_merdekabar.csv,21,tt_sparman.csv,2,0.4,True
19,tt_mtharyono.csv,44,tt_lentengagung.csv,2,0.4,False
19,tt_mtharyono.csv,49,tt_merak_toll_e.csv,2,0.4,False
19,tt_mtharyono.csv,21,tt_sparman.csv,2,0.4,False
19,tt_mtharyono.csv,22,tt_sudirman_s.csv,2,0.4,False
19,tt_mtharyono.csv,61,tt_supomo.csv,2,0.4,True
50,tt_otista.csv,61,tt_supomo.csv,2,0.4,True
52,tt_perintis.csv,56,tt_pramuka.csv,2,0.4,True
52,tt_perintis.csv,57,tt_purikembangan.csv,2,0.4,False
52,tt_perintis.csv,60,tt_salemba.csv,2,0.4,False
54,tt_pondokindah.csv,61,tt_supomo.csv,2,0.4,False
55,tt_pospengumben.csv,57,tt_purikembangan.csv,2,0.4,True
55,tt_pospengumben.csv,61,tt_supomo.csv,2,0.4,False
59,tt_rayabekasi_cakung.csv,61,tt_supomo.csv,2,0.4,False
59,tt_rayabekasi_cakung.csv,62,tt_tambun.csv,2,0.4,False
20,tt_rayabogor.csv,52,tt_perintis.csv,2,0.4,False
20,tt_rayabogor.csv,54,tt_pondokindah.csv,2,0.4,False
20,tt_rayabogor.csv,22,tt_sudirman_s.csv,2,0.4,False
20,tt_rayabogor.csv,23,tt_sultanagung.csv,2,0.4,False
20,tt_rayabogor.csv,62,tt_tambun.csv,2,0.4,False
60,tt_salemba.csv,61,tt_supomo.csv,2,0.4,False
21,tt_sparman.csv,44,tt_lentengagung.csv,2,0.4,False
21,tt_sparman.csv,49,tt_merak_toll_e.csv,2,0.4,False
21,tt_sparman.csv,51,tt_pemuda.csv,2,0.4,False
21,tt_sparman.csv,53,tt_pluit.csv,2,0.4,False
21,tt_sparman.csv,54,tt_pondokindah.csv,2,0.4,False
5,tt_sudirman.csv,30,tt_cipondoh.csv,2,0.4,False
5,tt_sudirman.csv,40,tt_kedoya.csv,2,0.4,False
5,tt_sudirman.csv,60,tt_salemba.csv,2,0.4,False
5,tt_sudirman.csv,63,tt_tendean.csv,2,0.4,False
22,tt_sudirman_s.csv,33,tt_gajahmada.csv,2,0.4,False
22,tt_sudirman_s.csv,51,tt_pemuda.csv,2,0.4,False
22,tt_sudirman_s.csv,53,tt_pluit.csv,2,0.4,False
22,tt_sudirman_s.csv,54,tt_pondokindah.csv,2,0.4,False
23,tt_sultanagung.csv,29,tt_cimanggis.csv,2,0.4,False
23,tt_sultanagung.csv,44,tt_lentengagung.csv,2,0.4,False
23,tt_sultanagung.csv,51,tt_pemuda.csv,2,0.4,False
61,tt_supomo.csv,62,tt_tambun.csv,2,0.4,False
12,tt_tangerang.csv,31,tt_fatmawati.csv,2,0.4,False
12,tt_tangerang.csv,36,tt_jatinegara.csv,2,0.4,False
13,tt_tbsimatupang.csv,24,tt_cakungcilincing.csv,2,0.4,False
13,tt_tbsimatupang.csv,37,tt_jorr_west.csv,2,0.4,False
13,tt_tbsimatupang.csv,38,tt_kapukmuara.csv,2,0.4,False
13,tt_tbsimatupang.csv,41,tt_kemang.csv,2,0.4,True
13,tt_tbsimatupang.csv,54,tt_pondokindah.csv,2,0.4,False
13,tt_tbsimatupang.csv,57,tt_purikembangan.csv,2,0.4,False
13,tt_tbsimatupang.csv,63,tt_tendean.csv,2,0.4,False
6,tt_thamrin.csv,25,tt_cibinong.csv,2,0.4,False
6,tt_thamrin.csv,31,tt_fatmawati.csv,2,0.4,False
6,tt_thamrin.csv,11,tt_kebonjeruk.csv,2,0.4,False
6,tt_thamrin.csv,16,tt_lingkardalam.csv,2,0.4,False
6,tt_thamrin.csv,48,tt_matraman.csv,2,0.4,False
6,tt_thamrin.csv,52,tt_perintis.csv,2,0.4,False
6,tt_thamrin.csv,20,tt_rayabogor.csv,2,0.4,False
6,tt_thamrin.csv,13,tt_tbsimatupang.csv,2,0.4,False
7,tt_bekasi.csv,8,tt_bogor.csv,1,0.2,False
7,tt_bekasi.csv,9,tt_bsd.csv,1,0.2,False
7,tt_bekasi.csv,25,tt_cibinong.csv,1,0.2,False
7,tt_bekasi.csv,26,tt_cibitung.csv,1,0.2,True
7,tt_bekasi.csv,28,tt_cilodong.csv,1,0.2,False
7,tt_bekasi.csv,33,tt_gajahmada.csv,1,0.2,False
7,tt_bekasi.csv,15,tt_kalimalang.csv,1,0.2,True
7,tt_bekasi.csv,42,tt_kramatraya.csv,1,0.2,False
7,tt_bekasi.csv,44,tt_lentengagung.csv,1,0.2,False
7,tt_bekasi.csv,16,tt_lingkardalam.csv,1,0.2,False
7,tt_bekasi.csv,47,tt_martadinata.csv,1,0.2,False
7,tt_bekasi.csv,48,tt_matraman.csv,1,0.2,False
7,tt_bekasi.csv,49,tt_merak_toll_e.csv,1,0.2,False
7,tt_bekasi.csv,19,tt_mtharyono.csv,1,0.2,False
7,tt_bekasi.csv,50,tt_otista.csv,1,0.2,False
7,tt_bekasi.csv,52,tt_perintis.csv,1,0.2,False
7,tt_bekasi.csv,57,tt_purikembangan.csv,1,0.2,False
7,tt_bekasi.csv,59,tt_rayabekasi_cakung.csv,1,0.2,True
7,tt_bekasi.csv,21,tt_sparman.csv,1,0.2,False
7,tt_bekasi.csv,23,tt_sultanagung.csv,1,0.2,True
7,tt_bekasi.csv,61,tt_supomo.csv,1,0.2,False
7,tt_bekasi.csv,12,tt_tangerang.csv,1,0.2,False
8,tt_bogor.csv,25,tt_cibinong.csv,1,0.2,True
8,tt_bogor.csv,31,tt_fatmawati.csv,1,0.2,False
8,tt_bogor.csv,32,tt_gadingserpong.csv,1,0.2,False
8,tt_bogor.csv,33,tt_gajahmada.csv,1,0.2,False
8,tt_bogor.csv,34,tt_gunungsahari.csv,1,0.2,False
8,tt_bogor.csv,37,tt_jorr_west.csv,1,0.2,False
8,tt_bogor.csv,42,tt_kramatraya.csv,1,0.2,False
8,tt_bogor.csv,43,tt_lebakbulus.csv,1,0.2,False
8,tt_bogor.csv,17,tt_majapahit.csv,1,0.2,False
8,tt_bogor.csv,47,tt_martadinata.csv,1,0.2,False
8,tt_bogor.csv,48,tt_matraman.csv,1,0.2,False
8,tt_bogor.csv,49,tt_merak_toll_e.csv,1,0.2,False
8,tt_bogor.csv,55,tt_pospengumben.csv,1,0.2,False
8,tt_bogor.csv,22,tt_sudirman_s.csv,1,0.2,False
8,tt_bogor.csv,12,tt_tangerang.csv,1,0.2,False
8,tt_bogor.csv,13,tt_tbsimatupang.csv,1,0.2,False
9,tt_bsd.csv,27,tt_cijantung.csv,1,0.2,False
9,tt_bsd.csv,10,tt_depok.csv,1,0.2,False
9,tt_bsd.csv,31,tt_fatmawati.csv,1,0.2,False
9,tt_bsd.csv,32,tt_gadingserpong.csv,1,0.2,True
9,tt_bsd.csv,44,tt_lentengagung.csv,1,0.2,False
9,tt_bsd.csv,47,tt_martadinata.csv,1,0.2,False
9,tt_bsd.csv,49,tt_merak_toll_e.csv,1,0.2,True
9,tt_bsd.csv,51,tt_pemuda.csv,1,0.2,False
9,tt_bsd.csv,53,tt_pluit.csv,1,0.2,False
9,tt_bsd.csv,54,tt_pondokindah.csv,1,0.2,False
9,tt_bsd.csv,57,tt_purikembangan.csv,1,0.2,False
9,tt_bsd.csv,59,tt_rayabekasi_cakung.csv,1,0.2,False
9,tt_bsd.csv,60,tt_salemba.csv,1,0.2,False
9,tt_bsd.csv,23,tt_sultanagung.csv,1,0.2,False
9,tt_bsd.csv,61,tt_supomo.csv,1,0.2,False
24,tt_cakungcilincing.csv,28,tt_cilodong.csv,1,0.2,False
24,tt_cakungcilincing.csv,30,tt_cipondoh.csv,1,0.2,False
24,tt_cakungcilincing.csv,35,tt_hayamwuruk.csv,1,0.2,False
24,tt_cakungcilincing.csv,37,tt_jorr_west.csv,1,0.2,False
24,tt_cakungcilincing.csv,38,tt_kapukmuara.csv,1,0.2,False
24,tt_cakungcilincing.csv,58,tt_ragunan.csv,1,0.2,False
0,tt_cawang.csv,30,tt_cipondoh.csv,1,0.2,False
0,tt_cawang.csv,32,tt_gadingserpong.csv,1,0.2,False
0,tt_cawang.csv,35,tt_hayamwuruk.csv,1,0.2,False
0,tt_cawang.csv,38,tt_kapukmuara.csv,1,0.2,False
0,tt_cawang.csv,11,tt_kebonjeruk.csv,1,0.2,False
0,tt_cawang.csv,40,tt_kedoya.csv,1,0.2,False
0,tt_cawang.csv,42,tt_kramatraya.csv,1,0.2,False
0,tt_cawang.csv,16,tt_lingkardalam.csv,1,0.2,False
0,tt_cawang.csv,48,tt_matraman.csv,1,0.2,True
25,tt_cibinong.csv,27,tt_cijantung.csv,1,0.2,False
25,tt_cibinong.csv,30,tt_cipondoh.csv,1,0.2,False
25,tt_cibinong.csv,34,tt_gunungsahari.csv,1,0.2,False
25,tt_cibinong.csv,35,tt_hayamwuruk.csv,1,0.2,False
25,tt_cibinong.csv,42,tt_kramatraya.csv,1,0.2,False
25,tt_cibinong.csv,45,tt_mampang.csv,1,0.2,False
25,tt_cibinong.csv,47,tt_martadinata.csv,1,0.2,False
25,tt_cibinong.csv,49,tt_merak_toll_e.csv,1,0.2,False
25,tt_cibinong.csv,50,tt_otista.csv,1,0.2,False
25,tt_cibinong.csv,60,tt_salemba.csv,1,0.2,False
25,tt_cibinong.csv,61,tt_supomo.csv,1,0.2,False
26,tt_cibitung.csv,27,tt_cijantung.csv,1,0.2,False
26,tt_cibitung.csv,34,tt_gunungsahari.csv,1,0.2,False
26,tt_cibitung.csv,39,tt_karawaci.csv,1,0.2,False
26,tt_cibitung.csv,49,tt_merak_toll_e.csv,1,0.2,False
26,tt_cibitung.csv,50,tt_otista.csv,1,0.2,False
26,tt_cibitung.csv,52,tt_perintis.csv,1,0.2,False
26,tt_cibitung.csv,54,tt_pondokindah.csv,1,0.2,False
26,tt_cibitung.csv,55,tt_pospengumben.csv,1,0.2,False
26,tt_cibitung.csv,57,tt_purikembangan.csv,1,0.2,False
26,tt_cibitung.csv,61,tt_supomo.csv,1,0.2,False
27,tt_cijantung.csv,33,tt_gajahmada.csv,1,0.2,False
27,tt_cijantung.csv,34,tt_gunungsahari.csv,1,0.2,False
27,tt_cijantung.csv,39,tt_karawaci.csv,1,0.2,False
27,tt_cijantung.csv,47,tt_martadinata.csv,1,0.2,False
27,tt_cijantung.csv,49,tt_merak_toll_e.csv,1,0.2,False
27,tt_cijantung.csv,50,tt_otista.csv,1,0.2,False
27,tt_cijantung.csv,52,tt_perintis.csv,1,0.2,False
27,tt_cijantung.csv,59,tt_rayabekasi_cakung.csv,1,0.2,False
27,tt_cijantung.csv,61,tt_supomo.csv,1,0.2,False
28,tt_cilodong.csv,29,tt_cimanggis.csv,1,0.2,True
28,tt_cilodong.csv,34,tt_gunungsahari.csv,1,0.2,False
28,tt_cilodong.csv,40,tt_kedoya.csv,1,0.2,False
28,tt_cilodong.csv,42,tt_kramatraya.csv,1,0.2,False
28,tt_cilodong.csv,46,tt_manggadua.csv,1,0.2,False
28,tt_cilodong.csv,56,tt_pramuka.csv,1,0.2,False
28,tt_cilodong.csv,61,tt_supomo.csv,1,0.2,False
29,tt_cimanggis.csv,53,tt_pluit.csv,1,0.2,False
29,tt_cimanggis.csv,54,tt_pondokindah.csv,1,0.2,False
29,tt_cimanggis.csv,57,tt_purikembangan.csv,1,0.2,False
29,tt_cimanggis.csv,58,tt_ragunan.csv,1,0.2,False
29,tt_cimanggis.csv,59,tt_rayabekasi_cakung.csv,1,0.2,False
29,tt_cimanggis.csv,62,tt_tambun.csv,1,0.2,False
30,tt_cipondoh.csv,33,tt_gajahmada.csv,1,0.2,False
30,tt_cipondoh.csv,34,tt_gunungsahari.csv,1,0.2,False
30,tt_cipondoh.csv,35,tt_hayamwuruk.csv,1,0.2,False
30,tt_cipondoh.csv,36,tt_jatinegara.csv,1,0.2,False
30,tt_cipondoh.csv,37,tt_jorr_west.csv,1,0.2,True
30,tt_cipondoh.csv,38,tt_kapukmuara.csv,1,0.2,False
30,tt_cipondoh.csv,40,tt_kedoya.csv,1,0.2,False
30,tt_cipondoh.csv,52,tt_perintis.csv,1,0.2,False
30,tt_cipondoh.csv,54,tt_pondokindah.csv,1,0.2,False
30,tt_cipondoh.csv,56,tt_pramuka.csv,1,0.2,False
30,tt_cipondoh.csv,58,tt_ragunan.csv,1,0.2,False
30,tt_cipondoh.csv,63,tt_tendean.csv,1,0.2,False
14,tt_daanmogot.csv,25,tt_cibinong.csv,1,0.2,False
14,tt_daanmogot.csv,33,tt_gajahmada.csv,1,0.2,False
14,tt_daanmogot.csv,34,tt_gunungsahari.csv,1,0.2,False
14,tt_daanmogot.csv,37,tt_jorr_west.csv,1,0.2,False
14,tt_daanmogot.csv,45,tt_mampang.csv,1,0.2,False
14,tt_daanmogot.csv,47,tt_martadinata.csv,1,0.2,False
14,tt_daanmogot.csv,50,tt_otista.csv,1,0.2,False
14,tt_daanmogot.csv,20,tt_rayabogor.csv,1,0.2,False
14,tt_daanmogot.csv,22,tt_sudirman_s.csv,1,0.2,False
10,tt_depok.csv,25,tt_cibinong.csv,1,0.2,True
10,tt_depok.csv,27,tt_cijantung.csv,1,0.2,False
10,tt_depok.csv,28,tt_cilodong.csv,1,0.2,True
10,tt_depok.csv,14,tt_daanmogot.csv,1,0.2,False
10,tt_depok.csv,31,tt_fatmawati.csv,1,0.2,False
10,tt_depok.csv,35,tt_hayamwuruk.csv,1,0.2,False
10,tt_depok.csv,36,tt_jatinegara.csv,1,0.2,False
10,tt_depok.csv,39,tt_karawaci.csv,1,0.2,False
10,tt_depok.csv,46,tt_manggadua.csv,1,0.2,False
10,tt_depok.csv,57,tt_purikembangan.csv,1,0.2,False
10,tt_depok.csv,59,tt_rayabekasi_cakung.csv,1,0.2,False
10,tt_depok.csv,20,tt_rayabogor.csv,1,0.2,True
10,tt_depok.csv,60,tt_salemba.csv,1,0.2,False
10,tt_depok.csv,61,tt_supomo.csv,1,0.2,False
10,tt_depok.csv,62,tt_tambun.csv,1,0.2,False
10,tt_depok.csv,12,tt_tangerang.csv,1,0.2,False
10,tt_depok.csv,13,tt_tbsimatupang.csv,1,0.2,False
10,tt_depok.csv,63,tt_tendean.csv,1,0.2,False
31,tt_fatmawati.csv,33,tt_gajahmada.csv,1,0.2,False
31,tt_fatmawati.csv,38,tt_kapukmuara.csv,1,0.2,False
31,tt_fatmawati.csv,39,tt_karawaci.csv,1,0.2,False
31,tt_fatmawati.csv,42,tt_kramatraya.csv,1,0.2,False
31,tt_fatmawati.csv,46,tt_manggadua.csv,1,0.2,False
31,tt_fatmawati.csv,55,tt_pospengumben.csv,1,0.2,False
31,tt_fatmawati.csv,57,tt_purikembangan.csv,1,0.2,False
31,tt_fatmawati.csv,62,tt_tambun.csv,1,0.2,False
32,tt_gadingserpong.csv,33,tt_gajahmada.csv,1,0.2,False
32,tt_gadingserpong.csv,35,tt_hayamwuruk.csv,1,0.2,False
32,tt_gadingserpong.csv,43,tt_lebakbulus.csv,1,0.2,False
32,tt_gadingserpong.csv,59,tt_rayabekasi_cakung.csv,1,0.2,False
32,tt_gadingserpong.csv,61,tt_supomo.csv,1,0.2,False
33,tt_gajahmada.csv,36,tt_jatinegara.csv,1,0.2,False
33,tt_gajahmada.csv,37,tt_jorr_west.csv,1,0.2,False
33,tt_gajahmada.csv,45,tt_mampang.csv,1,0.2,False
33,tt_gajahmada.csv,48,tt_matraman.csv,1,0.2,False
33,tt_gajahmada.csv,50,tt_otista.csv,1,0.2,False
33,tt_gajahmada.csv,51,tt_pemuda.csv,1,0.2,False
33,tt_gajahmada.csv,59,tt_rayabekasi_cakung.csv,1,0.2,False
33,tt_gajahmada.csv,61,tt_supomo.csv,1,0.2,False
1,tt_gatsu.csv,7,tt_bekasi.csv,1,0.2,False
1,tt_gatsu.csv,25,tt_cibinong.csv,1,0.2,False
1,tt_gatsu.csv,14,tt_daanmogot.csv,1,0.2,False
1,tt_gatsu.csv,31,tt_fatmawati.csv,1,0.2,False
1,tt_gatsu.csv,57,tt_purikembangan.csv,1,0.2,False
1,tt_gatsu.csv,21,tt_sparman.csv,1,0.2,False
1,tt_gatsu.csv,5,tt_sudirman.csv,1,0.2,True
1,tt_gatsu.csv,13,tt_tbsimatupang.csv,1,0.2,False
1,tt_gatsu.csv,6,tt_thamrin.csv,1,0.2,False
2,tt_grogol.csv,8,tt_bogor.csv,1,0.2,False
2,tt_grogol.csv,27,tt_cijantung.csv,1,0.2,False
2,tt_grogol.csv,33,tt_gajahmada.csv,1,0.2,True
2,tt_grogol.csv,34,tt_gunungsahari.csv,1,0.2,False
2,tt_grogol.csv,35,tt_hayamwuruk.csv,1,0.2,False
2,tt_grogol.csv,37,tt_jorr_west.csv,1,0.2,False
2,tt_grogol.csv,41,tt_kemang.csv,1,0.2,False
2,tt_grogol.csv,16,tt_lingkardalam.csv,1,0.2,False
2,tt_grogol.csv,48,tt_matraman.csv,1,0.2,False
2,tt_grogol.csv,55,tt_pospengumben.csv,1,0.2,False
2,tt_grogol.csv,58,tt_ragunan.csv,1,0.2,False
2,tt_grogol.csv,22,tt_sudirman_s.csv,1,0.2,False
2,tt_grogol.csv,13,tt_tbsimatupang.csv,1,0.2,False
34,tt_gunungsahari.csv,35,tt_hayamwuruk.csv,1,0.2,True
34,tt_gunungsahari.csv,42,tt_kramatraya.csv,1,0.2,False
34,tt_gunungsahari.csv,45,tt_mampang.csv,1,0.2,False
34,tt_gunungsahari.csv,54,tt_pondokindah.csv,1,0.2,False
34,tt_gunungsahari.csv,55,tt_pospengumben.csv,1,0.2,False
34,tt_gunungsahari.csv,58,tt_ragunan.csv,1,0.2,False
34,tt_gunungsahari.csv,60,tt_salemba.csv,1,0.2,False
34,tt_gunungsahari.csv,62,tt_tambun.csv,1,0.2,False
35,tt_hayamwuruk.csv,38,tt_kapukmuara.csv,1,0.2,False
35,tt_hayamwuruk.csv,40,tt_kedoya.csv,1,0.2,False
35,tt_hayamwuruk.csv,43,tt_lebakbulus.csv,1,0.2,False
35,tt_hayamwuruk.csv,45,tt_mampang.csv,1,0.2,False
35,tt_hayamwuruk.csv,48,tt_matraman.csv,1,0.2,False
35,tt_hayamwuruk.csv,50,tt_otista.csv,1,0.2,False
35,tt_hayamwuruk.csv,52,tt_perintis.csv,1,0.2,False
35,tt_hayamwuruk.csv,54,tt_pondokindah.csv,1,0.2,False
35,tt_hayamwuruk.csv,56,tt_pramuka.csv,1,0.2,False
35,tt_hayamwuruk.csv,60,tt_salemba.csv,1,0.2,False
36,tt_jatinegara.csv,46,tt_manggadua.csv,1,0.2,False
36,tt_jatinegara.csv,50,tt_otista.csv,1,0.2,True
37,tt_jorr_west.csv,41,tt_kemang.csv,1,0.2,False
37,tt_jorr_west.csv,45,tt_mampang.csv,1,0.2,False
37,tt_jorr_west.csv,48,tt_matraman.csv,1,0.2,False
37,tt_jorr_west.csv,62,tt_tambun.csv,1,0.2,False
15,tt_kalimalang.csv,39,tt_karawaci.csv,1,0.2,False
15,tt_kalimalang.csv,49,tt_merak_toll_e.csv,1,0.2,False
15,tt_kalimalang.csv,53,tt_pluit.csv,1,0.2,False
38,tt_kapukmuara.csv,40,tt_kedoya.csv,1,0.2,False
38,tt_kapukmuara.csv,41,tt_kemang.csv,1,0.2,False
38,tt_kapukmuara.csv,48,tt_matraman.csv,1,0.2,False
38,tt_kapukmuara.csv,57,tt_purikembangan.csv,1,0.2,False
38,tt_kapukmuara.csv,58,tt_ragunan.csv,1,0.2,False
39,tt_karawaci.csv,44,tt_lentengagung.csv,1,0.2,False
39,tt_karawaci.csv,51,tt_pemuda.csv,1,0.2,False
39,tt_karawaci.csv,53,tt_pluit.csv,1,0.2,False
39,tt_karawaci.csv,54,tt_pondokindah.csv,1,0.2,False
39,tt_karawaci.csv,57,tt_purikembangan.csv,1,0.2,False
39,tt_karawaci.csv,58,tt_ragunan.csv,1,0.2,False
11,tt_kebonjeruk.csv,25,tt_cibinong.csv,1,0.2,False
11,tt_kebonjeruk.csv,28,tt_cilodong.csv,1,0.2,False
11,tt_kebonjeruk.csv,14,tt_daanmogot.csv,1,0.2,True
11,tt_kebonjeruk.csv,38,tt_kapukmuara.csv,1,0.2,False
11,tt_kebonjeruk.csv,41,tt_kemang.csv,1,0.2,False
11,tt_kebonjeruk.csv,45,tt_mampang.csv,1,0.2,False
11,tt_kebonjeruk.csv,56,tt_pramuka.csv,1,0.2,False
40,tt_kedoya.csv,41,tt_kemang.csv,1,0.2,False
40,tt_kedoya.csv,42,tt_kramatraya.csv,1,0.2,False
40,tt_kedoya.csv,57,tt_purikembangan.csv,1,0.2,True
40,tt_kedoya.csv,63,tt_tendean.csv,1,0.2,False
3,tt_kelapagading.csv,7,tt_bekasi.csv,1,0.2,False
3,tt_kelapagading.csv,25,tt_cibinong.csv,1,0.2,False
3,tt_kelapagading.csv,28,tt_cilodong.csv,1,0.2,False
3,tt_kelapagading.csv,31,tt_fatmawati.csv,1,0.2,False
3,tt_kelapagading.csv,35,tt_hayamwuruk.csv,1,0.2,False
3,tt_kelapagading.csv,37,tt_jorr_west.csv,1,0.2,False
3,tt_kelapagading.csv,4,tt_kuningan.csv,1,0.2,False
3,tt_kelapagading.csv,45,tt_mampang.csv,1,0.2,False
3,tt_kelapagading.csv,46,tt_manggadua.csv,1,0.2,False
3,tt_kelapagading.csv,18,tt_merdekabar.csv,1,0.2,False
3,tt_kelapagading.csv,50,tt_otista.csv,1,0.2,False
3,tt_kelapagading.csv,52,tt_perintis.csv,1,0.2,True
3,tt_kelapagading.csv,59,tt_rayabekasi_cakung.csv,1,0.2,True
3,tt_kelapagading.csv,60,tt_salemba.csv,1,0.2,False
3,tt_kelapagading.csv,5,tt_sudirman.csv,1,0.2,False
3,tt_kelapagading.csv,61,tt_supomo.csv,1,0.2,False
3,tt_kelapagading.csv,12,tt_tangerang.csv,1,0.2,False
3,tt_kelapagading.csv,13,tt_tbsimatupang.csv,1,0.2,False
41,tt_kemang.csv,42,tt_kramatraya.csv,1,0.2,False
41,tt_kemang.csv,45,tt_mampang.csv,1,0.2,True
41,tt_kemang.csv,48,tt_matraman.csv,1,0.2,False
41,tt_kemang.csv,52,tt_perintis.csv,1,0.2,False
41,tt_kemang.csv,56,tt_pramuka.csv,1,0.2,False
42,tt_kramatraya.csv,46,tt_manggadua.csv,1,0.2,False
42,tt_kramatraya.csv,54,tt_pondokindah.csv,1,0.2,False
42,tt_kramatraya.csv,55,tt_pospengumben.csv,1,0.2,False
42,tt_kramatraya.csv,59,tt_rayabekasi_cakung.csv,1,0.2,False
42,tt_kramatraya.csv,60,tt_salemba.csv,1,0.2,True
42,tt_kramatraya.csv,61,tt_supomo.csv,1,0.2,False
42,tt_kramatraya.csv,62,tt_tambun.csv,1,0.2,False
4,tt_kuningan.csv,7,tt_bekasi.csv,1,0.2,False
4,tt_kuningan.csv,9,tt_bsd.csv,1,0.2,False
4,tt_kuningan.csv,26,tt_cibitung.csv,1,0.2,False
4,tt_kuningan.csv,10,tt_depok.csv,1,0.2,False
4,tt_kuningan.csv,33,tt_gajahmada.csv,1,0.2,False
4,tt_kuningan.csv,35,tt_hayamwuruk.csv,1,0.2,False
4,tt_kuningan.csv,39,tt_karawaci.csv,1,0.2,False
4,tt_kuningan.csv,40,tt_kedoya.csv,1,0.2,False
4,tt_kuningan.csv,42,tt_kramatraya.csv,1,0.2,False
4,tt_kuningan.csv,45,tt_mampang.csv,1,0.2,False
4,tt_kuningan.csv,46,tt_manggadua.csv,1,0.2,False
4,tt_kuningan.csv,49,tt_merak_toll_e.csv,1,0.2,False
4,tt_kuningan.csv,18,tt_merdekabar.csv,1,0.2,False
4,tt_kuningan.csv,19,tt_mtharyono.csv,1,0.2,False
4,tt_kuningan.csv,53,tt_pluit.csv,1,0.2,False
4,tt_kuningan.csv,54,tt_pondokindah.csv,1,0.2,False
4,tt_kuningan.csv,55,tt_pospengumben.csv,1,0.2,False
4,tt_kuningan.csv,57,tt_purikembangan.csv,1,0.2,False
4,tt_kuningan.csv,60,tt_salemba.csv,1,0.2,False
4,tt_kuningan.csv,5,tt_sudirman.csv,1,0.2,True
4,tt_kuningan.csv,22,tt_sudirman_s.csv,1,0.2,True
4,tt_kuningan.csv,23,tt_sultanagung.csv,1,0.2,False
4,tt_kuningan.csv,61,tt_supomo.csv,1,0.2,False
4,tt_kuningan.csv,12,tt_tangerang.csv,1,0.2,False
43,tt_lebakbulus.csv,62,tt_tambun.csv,1,0.2,False
43,tt_lebakbulus.csv,63,tt_tendean.csv,1,0.2,False
44,tt_lentengagung.csv,57,tt_purikembangan.csv,1,0.2,False
16,tt_lingkardalam.csv,26,tt_cibitung.csv,1,0.2,False
16,tt_lingkardalam.csv,33,tt_gajahmada.csv,1,0.2,False
16,tt_lingkardalam.csv,38,tt_kapukmuara.csv,1,0.2,False
16,tt_lingkardalam.csv,42,tt_kramatraya.csv,1,0.2,False
16,tt_lingkardalam.csv,17,tt_majapahit.csv,1,0.2,False
16,tt_lingkardalam.csv,45,tt_mampang.csv,1,0.2,False
16,tt_lingkardalam.csv,49,tt_merak_toll_e.csv,1,0.2,False
16,tt_lingkardalam.csv,50,tt_otista.csv,1,0.2,False
16,tt_lingkardalam.csv,58,tt_ragunan.csv,1,0.2,False
16,tt_lingkardalam.csv,61,tt_supomo.csv,1,0.2,False
17,tt_majapahit.csv,24,tt_cakungcilincing.csv,1,0.2,False
17,tt_majapahit.csv,35,tt_hayamwuruk.csv,1,0.2,True
17,tt_majapahit.csv,37,tt_jorr_west.csv,1,0.2,False
17,tt_majapahit.csv,48,tt_matraman.csv,1,0.2,False
17,tt_majapahit.csv,52,tt_perintis.csv,1,0.2,False
17,tt_majapahit.csv,55,tt_pospengumben.csv,1,0.2,False
17,tt_majapahit.csv,22,tt_sudirman_s.csv,1,0.2,False
45,tt_mampang.csv,48,tt_matraman.csv,1,0.2,False
45,tt_mampang.csv,55,tt_pospengumben.csv,1,0.2,False
46,tt_manggadua.csv,47,tt_martadinata.csv,1,0.2,True
46,tt_manggadua.csv,51,tt_pemuda.csv,1,0.2,False
46,tt_manggadua.csv,52,tt_perintis.csv,1,0.2,False
46,tt_manggadua.csv,54,tt_pondokindah.csv,1,0.2,False
46,tt_manggadua.csv,55,tt_pospengumben.csv,1,0.2,False
46,tt_manggadua.csv,61,tt_supomo.csv,1,0.2,False
46,tt_manggadua.csv,63,tt_tendean.csv,1,0.2,False
47,tt_martadinata.csv,54,tt_pondokindah.csv,1,0.2,False
47,tt_martadinata.csv,61,tt_supomo.csv,1,0.2,False
48,tt_matraman.csv,55,tt_pospengumben.csv,1,0.2,False
48,tt_matraman.csv,56,tt_pramuka.csv,1,0.2,False
48,tt_matraman.csv,58,tt_ragunan.csv,1,0.2,False
49,tt_merak_toll_e.csv,53,tt_pluit.csv,1,0.2,False
49,tt_merak_toll_e.csv,55,tt_pospengumben.csv,1,0.2,False
49,tt_merak_toll_e.csv,57,tt_purikembangan.csv,1,0.2,False
49,tt_merak_toll_e.csv,58,tt_ragunan.csv,1,0.2,False
49,tt_merak_toll_e.csv,61,tt_supomo.csv,1,0.2,False
18,tt_merdekabar.csv,26,tt_cibitung.csv,1,0.2,False
18,tt_merdekabar.csv,32,tt_gadingserpong.csv,1,0.2,False
18,tt_merdekabar.csv,44,tt_lentengagung.csv,1,0.2,False
18,tt_merdekabar.csv,47,tt_martadinata.csv,1,0.2,False
18,tt_merdekabar.csv,52,tt_perintis.csv,1,0.2,False
18,tt_merdekabar.csv,54,tt_pondokindah.csv,1,0.2,False
18,tt_merdekabar.csv,55,tt_pospengumben.csv,1,0.2,False
18,tt_merdekabar.csv,57,tt_purikembangan.csv,1,0.2,False
18,tt_merdekabar.csv,59,tt_rayabekasi_cakung.csv,1,0.2,False
18,tt_merdekabar.csv,23,tt_sultanagung.csv,1,0.2,False
18,tt_merdekabar.csv,61,tt_supomo.csv,1,0.2,False
18,tt_merdekabar.csv,62,tt_tambun.csv,1,0.2,False
19,tt_mtharyono.csv,27,tt_cijantung.csv,1,0.2,False
19,tt_mtharyono.csv,33,tt_gajahmada.csv,1,0.2,False
19,tt_mtharyono.csv,51,tt_pemuda.csv,1,0.2,False
19,tt_mtharyono.csv,53,tt_pluit.csv,1,0.2,False
19,tt_mtharyono.csv,57,tt_purikembangan.csv,1,0.2,False
19,tt_mtharyono.csv,20,tt_rayabogor.csv,1,0.2,False
19,tt_mtharyono.csv,23,tt_sultanagung.csv,1,0.2,False
19,tt_mtharyono.csv,62,tt_tambun.csv,1,0.2,False
50,tt_otista.csv,52,tt_perintis.csv,1,0.2,False
50,tt_otista.csv,54,tt_pondokindah.csv,1,0.2,False
50,tt_otista.csv,57,tt_purikembangan.csv,1,0.2,False
50,tt_otista.csv,59,tt_rayabekasi_cakung.csv,1,0.2,False
50,tt_otista.csv,60,tt_salemba.csv,1,0.2,False
50,tt_otista.csv,62,tt_tambun.csv,1,0.2,False
51,tt_pemuda.csv,53,tt_pluit.csv,1,0.2,False
51,tt_pemuda.csv,54,tt_pondokindah.csv,1,0.2,False
51,tt_pemuda.csv,59,tt_rayabekasi_cakung.csv,1,0.2,True
52,tt_perintis.csv,55,tt_pospengumben.csv,1,0.2,False
52,tt_perintis.csv,62,tt_tambun.csv,1,0.2,False
53,tt_pluit.csv,57,tt_purikembangan.csv,1,0.2,False
53,tt_pluit.csv,62,tt_tambun.csv,1,0.2,False
54,tt_pondokindah.csv,56,tt_pramuka.csv,1,0.2,False
54,tt_pondokindah.csv,59,tt_rayabekasi_cakung.csv,1,0.2,False
54,tt_pondokindah.csv,62,tt_tambun.csv,1,0.2,False
54,tt_pondokindah.csv,63,tt_tendean.csv,1,0.2,False
55,tt_pospengumben.csv,59,tt_rayabekasi_cakung.csv,1,0.2,False
55,tt_pospengumben.csv,60,tt_salemba.csv,1,0.2,False
55,tt_pospengumben.csv,63,tt_tendean.csv,1,0.2,False
56,tt_pramuka.csv,59,tt_rayabekasi_cakung.csv,1,0.2,False
57,tt_purikembangan.csv,60,tt_salemba.csv,1,0.2,False
57,tt_purikembangan.csv,63,tt_tendean.csv,1,0.2,False
58,tt_ragunan.csv,63,tt_tendean.csv,1,0.2,False
20,tt_rayabogor.csv,26,tt_cibitung.csv,1,0.2,False
20,tt_rayabogor.csv,27,tt_cijantung.csv,1,0.2,True
20,tt_rayabogor.csv,30,tt_cipondoh.csv,1,0.2,False
20,tt_rayabogor.csv,32,tt_gadingserpong.csv,1,0.2,False
20,tt_rayabogor.csv,34,tt_gunungsahari.csv,1,0.2,False
20,tt_rayabogor.csv,35,tt_hayamwuruk.csv,1,0.2,False
20,tt_rayabogor.csv,47,tt_martadinata.csv,1,0.2,False
20,tt_rayabogor.csv,50,tt_otista.csv,1,0.2,False
20,tt_rayabogor.csv,59,tt_rayabekasi_cakung.csv,1,0.2,False
20,tt_rayabogor.csv,63,tt_tendean.csv,1,0.2,False
21,tt_sparman.csv,27,tt_cijantung.csv,1,0.2,False
21,tt_sparman.csv,32,tt_gadingserpong.csv,1,0.2,False
21,tt_sparman.csv,41,tt_kemang.csv,1,0.2,False
21,tt_sparman.csv,47,tt_martadinata.csv,1,0.2,False
21,tt_sparman.csv,59,tt_rayabekasi_cakung.csv,1,0.2,False
21,tt_sparman.csv,22,tt_sudirman_s.csv,1,0.2,False
21,tt_sparman.csv,23,tt_sultanagung.csv,1,0.2,False
21,tt_sparman.csv,62,tt_tambun.csv,1,0.2,False
5,tt_sudirman.csv,10,tt_depok.csv,1,0.2,False
5,tt_sudirman.csv,36,tt_jatinegara.csv,1,0.2,False
5,tt_sudirman.csv,37,tt_jorr_west.csv,1,0.2,False
5,tt_sudirman.csv,41,tt_kemang.csv,1,0.2,False
5,tt_sudirman.csv,16,tt_lingkardalam.csv,1,0.2,True
5,tt_sudirman.csv,48,tt_matraman.csv,1,0.2,False
5,tt_sudirman.csv,50,tt_otista.csv,1,0.2,False
5,tt_sudirman.csv,55,tt_pospengumben.csv,1,0.2,False
5,tt_sudirman.csv,56,tt_pramuka.csv,1,0.2,False
5,tt_sudirman.csv,12,tt_tangerang.csv,1,0.2,False
5,tt_sudirman.csv,13,tt_tbsimatupang.csv,1,0.2,False
5,tt_sudirman.csv,6,tt_thamrin.csv,1,0.2,True
22,tt_sudirman_s.csv,32,tt_gadingserpong.csv,1,0.2,False
22,tt_sudirman_s.csv,42,tt_kramatraya.csv,1,0.2,False
22,tt_sudirman_s.csv,44,tt_lentengagung.csv,1,0.2,False
22,tt_sudirman_s.csv,47,tt_martadinata.csv,1,0.2,False
22,tt_sudirman_s.csv,61,tt_supomo.csv,1,0.2,False
22,tt_sudirman_s.csv,62,tt_tambun.csv,1,0.2,False
23,tt_sultanagung.csv,24,tt_cakungcilincing.csv,1,0.2,False
23,tt_sultanagung.csv,25,tt_cibinong.csv,1,0.2,False
23,tt_sultanagung.csv,26,tt_cibitung.csv,1,0.2,True
23,tt_sultanagung.csv,27,tt_cijantung.csv,1,0.2,False
23,tt_sultanagung.csv,28,tt_cilodong.csv,1,0.2,False
23,tt_sultanagung.csv,39,tt_karawaci.csv,1,0.2,False
23,tt_sultanagung.csv,49,tt_merak_toll_e.csv,1,0.2,False
23,tt_sultanagung.csv,55,tt_pospengumben.csv,1,0.2,False
23,tt_sultanagung.csv,57,tt_purikembangan.csv,1,0.2,False
23,tt_sultanagung.csv,62,tt_tambun.csv,1,0.2,True
12,tt_tangerang.csv,24,tt_cakungcilincing.csv,1,0.2,False
12,tt_tangerang.csv,25,tt_cibinong.csv,1,0.2,False
12,tt_tangerang.csv,27,tt_cijantung.csv,1,0.2,False
12,tt_tangerang.csv,28,tt_cilodong.csv,1,0.2,False
12,tt_tangerang.csv,33,tt_gajahmada.csv,1,0.2,False
12,tt_tangerang.csv,43,tt_lebakbulus.csv,1,0.2,False
12,tt_tangerang.csv,50,tt_otista.csv,1,0.2,False
12,tt_tangerang.csv,54,tt_pondokindah.csv,1,0.2,False
12,tt_tangerang.csv,60,tt_salemba.csv,1,0.2,False
12,tt_tangerang.csv,62,tt_tambun.csv,1,0.2,False
13,tt_tbsimatupang.csv,30,tt_cipondoh.csv,1,0.2,False
13,tt_tbsimatupang.csv,35,tt_hayamwuruk.csv,1,0.2,False
13,tt_tbsimatupang.csv,40,tt_kedoya.csv,1,0.2,False
13,tt_tbsimatupang.csv,44,tt_lentengagung.csv,1,0.2,True
13,tt_tbsimatupang.csv,16,tt_lingkardalam.csv,1,0.2,False
13,tt_tbsimatupang.csv,17,tt_majapahit.csv,1,0.2,False
13,tt_tbsimatupang.csv,48,tt_matraman.csv,1,0.2,False
13,tt_tbsimatupang.csv,52,tt_perintis.csv,1,0.2,False
13,tt_tbsimatupang.csv,53,tt_pluit.csv,1,0.2,False
13,tt_tbsimatupang.csv,56,tt_pramuka.csv,1,0.2,False
13,tt_tbsimatupang.csv,58,tt_ragunan.csv,1,0.2,True
13,tt_tbsimatupang.csv,59,tt_rayabekasi_cakung.csv,1,0.2,False
13,tt_tbsimatupang.csv,22,tt_sudirman_s.csv,1,0.2,False
6,tt_thamrin.csv,7,tt_bekasi.csv,1,0.2,False
6,tt_thamrin.csv,24,tt_cakungcilincing.csv,1,0.2,False
6,tt_thamrin.csv,14,tt_daanmogot.csv,1,0.2,False
6,tt_thamrin.csv,33,tt_gajahmada.csv,1,0.2,False
6,tt_thamrin.csv,34,tt_gunungsahari.csv,1,0.2,False
6,tt_thamrin.csv,35,tt_hayamwuruk.csv,1,0.2,False
6,tt_thamrin.csv,36,tt_jatinegara.csv,1,0.2,False
6,tt_thamrin.csv,41,tt_kemang.csv,1,0.2,False
6,tt_thamrin.csv,42,tt_kramatraya.csv,1,0.2,True
6,tt_thamrin.csv,43,tt_lebakbulus.csv,1,0.2,False
6,tt_thamrin.csv,17,tt_majapahit.csv,1,0.2,True
6,tt_thamrin.csv,47,tt_martadinata.csv,1,0.2,False
6,tt_thamrin.csv,18,tt_merdekabar.csv,1,0.2,True
6,tt_thamrin.csv,54,tt_pondokindah.csv,1,0.2,False
6,tt_thamrin.csv,57,tt_purikembangan.csv,1,0.2,False
6,tt_thamrin.csv,60,tt_salemba.csv,1,0.2,True
6,tt_thamrin.csv,12,tt_tangerang.csv,1,0.2,False
6,tt_thamrin.csv,63,tt_tendean.csv,1,0.2,False
