node_index,corridor,improvement_t1,improvement_t3,improvement_t6,adaptive_win_count,fixed_win_count,mean_improvement,consistency
5,tt_sudirman.csv,0.7449704170227047,1.8707388877868656,3.4638827323913572,3,0,2.0265306790669757,Adaptive wins all horizons
24,tt_cakungcilincing.csv,0.7022438526153563,1.8347490310668944,3.2911018371582026,3,0,1.9426982402801511,Adaptive wins all horizons
56,tt_pramuka.csv,0.5705948352813719,1.7799036979675296,2.0087831020355225,3,0,1.453093878428141,Adaptive wins all horizons
43,tt_lebakbulus.csv,0.481975984573364,1.4312415599822996,2.226076459884644,3,0,1.379764668146769,Adaptive wins all horizons
0,tt_cawang.csv,0.6142024993896484,1.0718468666076664,2.057281494140626,3,0,1.2477769533793135,Adaptive wins all horizons
11,tt_kebonjeruk.csv,0.535399007797241,1.5016581535339353,1.646700072288513,3,0,1.2279190778732298,Adaptive wins all horizons
35,tt_hayamwuruk.csv,0.5132665872573852,1.3793098211288455,1.721802878379822,3,0,1.2047930955886843,Adaptive wins all horizons
8,tt_bogor.csv,0.3929007053375244,1.2669976234436038,1.832425022125244,3,0,1.1641077836354574,Adaptive wins all horizons
63,tt_tendean.csv,0.5714783668518066,1.2056921958923343,1.557002067565918,3,0,1.1113908767700196,Adaptive wins all horizons
14,tt_daanmogot.csv,0.49450559616088885,1.290984344482422,1.4525566577911375,3,0,1.079348866144816,Adaptive wins all horizons
48,tt_matraman.csv,0.5702693462371826,1.1562285423278809,1.500804376602173,3,0,1.0757674217224122,Adaptive wins all horizons
3,tt_kelapagading.csv,0.47155549526214613,1.2183417320251466,1.5283749818801882,3,0,1.072757403055827,Adaptive wins all horizons
25,tt_cibinong.csv,0.5652422904968262,0.9331687450408932,1.6126039028167725,3,0,1.0370049794514973,Adaptive wins all horizons
51,tt_pemuda.csv,0.5122495174407957,1.0694172382354736,1.3061427593231203,3,0,0.9626031716664633,Adaptive wins all horizons
2,tt_grogol.csv,0.4601488590240477,1.0623912334442136,1.2946802616119384,3,0,0.9390734513600666,Adaptive wins all horizons
30,tt_cipondoh.csv,0.47223482131958017,1.2180123329162598,0.9089505910873412,3,0,0.8663992484410604,Adaptive wins all horizons
13,tt_tbsimatupang.csv,0.38800373077392614,1.3226985931396484,0.7583122253417969,3,0,0.8230048497517904,Adaptive wins all horizons
17,tt_majapahit.csv,0.27668190002441406,0.7289134025573731,1.3193440437316895,3,0,0.7749797821044923,Adaptive wins all horizons
40,tt_kedoya.csv,0.25276756286621094,1.0335883140563968,1.0120414257049561,3,0,0.766132434209188,Adaptive wins all horizons
61,tt_supomo.csv,0.3962949752807612,1.1028238296508786,0.7796196937561035,3,0,0.7595794995625811,Adaptive wins all horizons
57,tt_purikembangan.csv,1.416390228271485,0.9163423538208013,-0.06362676620483398,2,1,0.7563686052958175,Mixed
58,tt_ragunan.csv,0.30691673755645743,0.948104739189148,0.903815746307373,3,0,0.7196124076843261,Adaptive wins all horizons
45,tt_mampang.csv,0.35321207046508807,0.9246029853820801,0.7886636495590209,3,0,0.6888262351353963,Adaptive wins all horizons
38,tt_kapukmuara.csv,0.3081227779388427,0.8345049858093261,0.8525905609130859,3,0,0.6650727748870849,Adaptive wins all horizons
19,tt_mtharyono.csv,0.5638217210769656,0.7891771793365479,0.597046899795532,3,0,0.6500152667363485,Adaptive wins all horizons
44,tt_lentengagung.csv,0.5036242485046385,0.7439518928527828,0.4545454978942871,3,0,0.5673738797505695,Adaptive wins all horizons
37,tt_jorr_west.csv,0.06765322685241704,0.7340328693389893,0.8752241134643555,3,0,0.5589700698852539,Adaptive wins all horizons
16,tt_lingkardalam.csv,0.18515763282775888,0.6596039295196534,0.7494143962860109,3,0,0.531391986211141,Adaptive wins all horizons
12,tt_tangerang.csv,0.22477350234985405,0.5909089088439945,0.6258375167846681,3,0,0.48050664265950555,Adaptive wins all horizons
41,tt_kemang.csv,0.3158798456192018,0.7595084190368651,0.3596063375473024,3,0,0.4783315340677898,Adaptive wins all horizons
52,tt_perintis.csv,0.22604770660400408,0.3857538223266599,0.6502291679382326,3,0,0.42067689895629884,Adaptive wins all horizons
4,tt_kuningan.csv,0.1915985107421876,0.4184022426605223,0.6510058403015133,3,0,0.42033553123474104,Adaptive wins all horizons
55,tt_pospengumben.csv,0.20920648574829115,0.513724374771118,0.5090593338012699,3,0,0.410663398106893,Adaptive wins all horizons
53,tt_pluit.csv,0.37640051841735844,0.49891865253448486,0.34098284244537336,3,0,0.4054340044657389,Adaptive wins all horizons
36,tt_jatinegara.csv,0.27177529335022,0.46837854385375977,0.475260543823242,3,0,0.4051381270090739,Adaptive wins all horizons
32,tt_gadingserpong.csv,0.17992491722106907,0.3754862785339359,0.6049845218658447,3,0,0.3867985725402832,Adaptive wins all horizons
29,tt_cimanggis.csv,0.34556567668914817,0.34547405242919904,0.4560939073562622,3,0,0.3823778788248698,Adaptive wins all horizons
6,tt_thamrin.csv,0.0362836837768552,0.49687547683715794,0.5644933223724364,3,0,0.3658841609954832,Adaptive wins all horizons
34,tt_gunungsahari.csv,0.17865855693817134,0.4510787487030026,0.3629049777984621,3,0,0.33088076114654535,Adaptive wins all horizons
60,tt_salemba.csv,-0.053833389282226474,0.38121519088745126,0.6099219799041751,2,1,0.3124345938364666,Mixed
33,tt_gajahmada.csv,-0.06265912055969225,0.4129974842071533,0.5443006753921509,2,1,0.29821301301320396,Mixed
28,tt_cilodong.csv,0.24278974533081055,0.2683206081390379,0.32630062103271484,3,0,0.2791369915008544,Adaptive wins all horizons
22,tt_sudirman_s.csv,0.21445360183715834,0.13423895835876465,0.4277308225631713,3,0,0.2588077942530314,Adaptive wins all horizons
54,tt_pondokindah.csv,0.04128375053405753,0.24515438079833984,0.4091814994812011,3,0,0.23187321027119948,Adaptive wins all horizons
21,tt_sparman.csv,0.18927817344665532,0.18672595024108896,0.2625018596649171,3,0,0.21283532778422046,Adaptive wins all horizons
10,tt_depok.csv,0.060393548011779874,0.19561841487884513,0.36525511741638184,3,0,0.2070890267690023,Adaptive wins all horizons
20,tt_rayabogor.csv,-0.07305107116699205,0.2654308795928957,0.405136489868164,2,1,0.19917209943135586,Mixed
1,tt_gatsu.csv,0.37770195007324237,0.1170663833618164,-0.16357803344726562,2,1,0.11039676666259772,Mixed
47,tt_martadinata.csv,0.12076740264892605,0.09948229789733887,0.04817433357238787,3,0,0.08947467803955093,Adaptive wins all horizons
50,tt_otista.csv,0.09545562267303453,0.08772027492523193,0.06018664836883536,3,0,0.08112084865570061,Adaptive wins all horizons
31,tt_fatmawati.csv,0.23428325653076154,0.3051590919494629,-0.3257407188415522,2,1,0.07123387654622408,Mixed
39,tt_karawaci.csv,0.04495272636413583,0.12196626663208043,-0.00428957939147967,2,1,0.0542098045349122,Mixed
62,tt_tambun.csv,0.023561477661132812,0.0037308216094968927,0.03605108261108381,3,0,0.021114460627237836,Adaptive wins all horizons
59,tt_rayabekasi_cakung.csv,-0.07166547775268528,0.04494810104370117,0.03326354026794398,2,1,0.0021820545196532906,Mixed
27,tt_cijantung.csv,0.06064572334289564,0.03826286792755118,-0.15359938144683838,2,1,-0.01823026339213052,Mixed
49,tt_merak_toll_e.csv,-0.20354466438293461,0.001117634773254439,-0.0073626041412353516,1,2,-0.06992987791697185,Mixed
46,tt_manggadua.csv,-0.26601738929748553,-0.04725999832153294,0.09110665321350098,1,2,-0.07405691146850583,Mixed
9,tt_bsd.csv,-0.03301241397857657,-0.055629181861877486,-0.23172383308410627,0,3,-0.10678847630818677,Fixed wins all horizons
18,tt_merdekabar.csv,0.0036414146423338067,-0.20043387413024938,-0.15681395530700648,1,2,-0.11786880493164069,Mixed
42,tt_kramatraya.csv,-0.1086706638336179,-0.22730343341827375,-0.27426166534423846,0,3,-0.2034119208653767,Fixed wins all horizons
23,tt_sultanagung.csv,-0.0991043329238892,-0.2921022891998293,-0.2967108964920042,0,3,-0.22930583953857422,Fixed wins all horizons
15,tt_kalimalang.csv,-0.22719188928604128,-0.2396376132965088,-0.30986081361770623,0,3,-0.2588967720667521,Fixed wins all horizons
26,tt_cibitung.csv,-0.3173069953918456,-0.5647008299827576,-0.670892608165741,0,3,-0.5176334778467814,Fixed wins all horizons
7,tt_bekasi.csv,-0.6272353172302247,-0.6870676994323731,-0.5846515059471129,0,3,-0.6329848408699036,Fixed wins all horizons
