horizon,node_index,corridor,fixed_mae,fixed_mae_std,fixed_rmse,fixed_rmse_std,fixed_points,adaptive_mae,adaptive_mae_std,adaptive_rmse,adaptive_rmse_std,adaptive_points,mae_improvement,mae_improvement_pct,rmse_improvement,rmse_improvement_pct,winner_mae,winner_rmse,category
1,57,tt_purikembangan.csv,8.1081937789917,0.6215077611865919,9.8443091559046,0.4336648791660506,230,6.6918035507202145,0.29885390409729,8.601972310761187,0.34074779028799995,230,1.416390228271485,17.468628240500948,1.242336845143413,12.619847929077496,Adaptive,Adaptive,Adaptive strongest
1,5,tt_sudirman.csv,4.990421390533447,0.10254415810230583,6.2535503399190855,0.0866322087480729,230,4.245450973510742,0.17231789576405335,4.950372863348787,0.1402419752319588,230,0.7449704170227047,14.92800624884849,1.3031774765702986,20.839001938651705,Adaptive,Adaptive,Adaptive strongest
1,24,tt_cakungcilincing.csv,3.293184423446655,0.14684334541001817,4.329017249698033,0.15634781737178902,230,2.590940570831299,0.12397469349282696,3.1861452627339837,0.13512450183467817,230,0.7022438526153563,21.32415808891705,1.1428719869640496,26.400264102522797,Adaptive,Adaptive,Adaptive strongest
1,0,tt_cawang.csv,6.814060211181641,0.1090122671104308,9.502635844315531,0.11001257295416345,230,6.199857711791992,0.11835972144384502,8.550909268076158,0.23322554898574377,230,0.6142024993896484,9.013752158834215,0.9517265762393734,10.015395642133287,Adaptive,Adaptive,Adaptive strongest
1,63,tt_tendean.csv,7.648552989959716,0.07413523642132804,10.13431992829656,0.0980065349879134,230,7.07707462310791,0.2523047303394297,8.848948223810954,0.5000269771634499,230,0.5714783668518066,7.471718736890343,1.2853717044856054,12.683354320566224,Adaptive,Adaptive,Adaptive strongest
1,7,tt_bekasi.csv,0.7280439853668212,0.09603856830354746,1.0757818197917586,0.0829750768809742,230,1.355279302597046,0.2827292831518952,1.6396643848795733,0.3044322743694813,230,-0.6272353172302247,-86.15349207427288,-0.5638825650878148,-52.41607124360651,Fixed,Fixed,Fixed strongest
1,26,tt_cibitung.csv,0.8944789409637451,0.06564030187044798,1.3310700234459039,0.009994308874338357,230,1.2117859363555907,0.15031232690688864,1.5625220228589767,0.10200337300578442,230,-0.3173069953918456,-35.473948112178824,-0.23145199941307282,-17.38841648720213,Fixed,Fixed,Fixed strongest
1,46,tt_manggadua.csv,2.578376293182373,0.04656548981052763,3.906676902141696,0.06463437167226035,230,2.8443936824798586,0.10938490105026409,3.938994212198101,0.11150545611025926,230,-0.26601738929748553,-10.317244616345441,-0.032317310056404924,-0.8272327317032057,Fixed,Fixed,Fixed strongest
1,15,tt_kalimalang.csv,0.7790370941162109,0.03137283565496277,1.5462906884930492,0.02781633375864699,230,1.0062289834022522,0.07346490984474377,1.6229486493234,0.05597243261055382,230,-0.22719188928604128,-29.163167068929134,-0.07665796083035081,-4.957538799192957,Fixed,Fixed,Fixed strongest
1,49,tt_merak_toll_e.csv,1.5446125745773316,0.15071029530544305,2.294190834398889,0.026890775456523883,230,1.7481572389602662,0.04897952081494923,2.5034722883310456,0.0636075730564063,230,-0.20354466438293461,-13.177716388760635,-0.20928145393215658,-9.122233895899567,Fixed,Fixed,Fixed strongest
3,5,tt_sudirman.csv,6.99338960647583,0.2950131178142986,8.333023040257313,0.25921822326495636,230,5.1226507186889645,0.29297673894965626,5.765239996627113,0.33017177950564613,230,1.8707388877868656,26.750102497572488,2.5677830436302003,30.81454390831626,Adaptive,Adaptive,Adaptive strongest
3,24,tt_cakungcilincing.csv,4.879615116119385,0.20634020039796183,5.757881517997991,0.18257606452050507,230,3.0448660850524902,0.12166224122935607,3.6100322809544814,0.2135445427207327,230,1.8347490310668944,37.600281731359516,2.14784923704351,37.3027689147434,Adaptive,Adaptive,Adaptive strongest
3,56,tt_pramuka.csv,4.693950366973877,0.07523100190493624,5.662189165580304,0.13720501432663662,230,2.9140466690063476,0.1348979366008044,3.5651573119879574,0.15678900812701213,230,1.7799036979675296,37.91909924081724,2.0970318535923465,37.03570813811599,Adaptive,Adaptive,Adaptive strongest
3,11,tt_kebonjeruk.csv,4.086059188842773,0.1331630735498093,5.479269725588725,0.10159378096273985,230,2.584401035308838,0.35446440485054015,3.1743754289930854,0.4189463518460786,230,1.5016581535339353,36.750768506591925,2.304894296595639,42.06572065309284,Adaptive,Adaptive,Adaptive strongest
3,43,tt_lebakbulus.csv,4.633108425140381,0.15972611830427008,5.98787058886634,0.13084955281804556,230,3.201866865158081,0.30040362300652823,4.184586608688562,0.3608305761742629,230,1.4312415599822996,30.891605130931804,1.8032839801777776,30.115613779809262,Adaptive,Adaptive,Adaptive strongest
3,7,tt_bekasi.csv,0.8692857980728149,0.12023511454023939,1.2410038618392991,0.11173134919794891,230,1.556353497505188,0.31049876558606065,1.8351271645999838,0.35005593743527424,230,-0.6870676994323731,-79.03818294921938,-0.5941233027606847,-47.87441208121069,Fixed,Fixed,Fixed strongest
3,26,tt_cibitung.csv,0.8769917607307434,0.042478210084627994,1.3102485399792132,0.03200161967906596,230,1.441692590713501,0.17307061964133483,1.7532336415412757,0.13002921177744337,230,-0.5647008299827576,-64.39066537092972,-0.4429851015620625,-33.809242143409705,Fixed,Fixed,Fixed strongest
3,23,tt_sultanagung.csv,1.2875496387481689,0.07416288939184017,2.0270246234804987,0.016687751610446725,230,1.5796519279479981,0.10273332522944117,2.098174965089705,0.04142248790489575,230,-0.2921022891998293,-22.68668177203857,-0.07115034160920608,-3.5100876814726365,Fixed,Fixed,Fixed strongest
3,15,tt_kalimalang.csv,0.8760400533676147,0.053217877675832664,1.5524751192868464,0.04230893051789171,230,1.1156776666641235,0.08620576174379062,1.6520047014504187,0.06654528185503103,230,-0.2396376132965088,-27.354641191953483,-0.09952958216357222,-6.41102591127468,Fixed,Fixed,Fixed strongest
3,42,tt_kramatraya.csv,1.9420110940933228,0.11945476285027716,2.7230205456960976,0.028007016847839652,230,2.1693145275115966,0.10718392271997634,2.7988956327518695,0.04353587860564116,230,-0.22730343341827375,-11.704538357665568,-0.07587508705577184,-2.7864309424949845,Fixed,Fixed,Fixed strongest
6,5,tt_sudirman.csv,8.59250545501709,0.36925263595635216,9.436036183139962,0.34782324918950003,235,5.128622722625733,0.5049017271331947,5.892055690239628,0.6226872285116108,235,3.4638827323913572,40.312837164029105,3.5439804929003333,37.55793666023256,Adaptive,Adaptive,Adaptive strongest
6,24,tt_cakungcilincing.csv,6.07294807434082,0.3538659436723672,6.509243733728096,0.256281514305558,235,2.7818462371826174,0.13702052507589976,3.431846843910094,0.2856680377945164,235,3.2911018371582026,54.19282030524245,3.0773968898180017,47.27733383023065,Adaptive,Adaptive,Adaptive strongest
6,43,tt_lebakbulus.csv,5.47155179977417,0.21850846879842578,6.261099686010064,0.1513301987829008,235,3.245475339889526,0.5462516039342079,4.085993107494935,0.45534930418257547,235,2.226076459884644,40.6845542424824,2.1751065785151287,34.74000874599128,Adaptive,Adaptive,Adaptive strongest
6,0,tt_cawang.csv,9.407822418212891,0.20914302609609647,11.30803513703297,0.1736732342880365,235,7.3505409240722654,0.19616545907346497,9.236450881155196,0.4295484830340102,235,2.057281494140626,21.86777558808797,2.0715842558777737,18.31957745774498,Adaptive,Adaptive,Adaptive strongest
6,56,tt_pramuka.csv,5.150143432617187,0.25330349838171407,5.902681413029858,0.2685552415729869,235,3.141360330581665,0.24717493693089782,4.015922597275225,0.2585261981758954,235,2.0087831020355225,39.004410815306244,1.8867588157546331,31.9644358848457,Adaptive,Adaptive,Adaptive strongest
6,26,tt_cibitung.csv,0.9264281630516052,0.09232730115512473,1.3915802941016193,0.055345868961478306,235,1.5973207712173463,0.17710692046408338,1.9471342916137253,0.14673728833557315,235,-0.670892608165741,-72.41712146960822,-0.555553997512106,-39.92252548177698,Fixed,Fixed,Fixed strongest
6,7,tt_bekasi.csv,1.142729437351227,0.2143660655344185,1.608102270896918,0.18657102786447696,235,1.7273809432983398,0.2382916377429879,2.023384010060556,0.29421200073311493,235,-0.5846515059471129,-51.16272381170974,-0.4152817391636381,-25.824336342241157,Fixed,Fixed,Fixed strongest
6,31,tt_fatmawati.csv,4.861595344543457,0.10284746439704778,6.366443591017378,0.10087946523146876,235,5.187336063385009,0.4182182577018966,6.248079857777651,0.1675872803559879,235,-0.3257407188415522,-6.700284490093485,0.11836373323972627,1.859181371004834,Fixed,Adaptive,Fixed strongest
6,15,tt_kalimalang.csv,0.86204913854599,0.14690515912595578,1.5166041139427915,0.08038594711166726,235,1.1719099521636962,0.12388155522788973,1.7019538350405383,0.08323889082136074,235,-0.30986081361770623,-35.94468108167772,-0.18534972109774683,-12.22136478424049,Fixed,Fixed,Fixed strongest
6,23,tt_sultanagung.csv,1.478875494003296,0.05687831201384062,2.454188241393053,0.09329870607330652,235,1.7755863904953002,0.037160964817998736,2.4003044259632444,0.10045261936197493,235,-0.2967108964920042,-20.063277652185025,0.05388381542980847,2.195586081009939,Fixed,Adaptive,Fixed strongest
