node_index,corridor_file
0,tt_cawang.csv
1,tt_gatsu.csv
2,tt_grogol.csv
3,tt_kelapagading.csv
4,tt_kuningan.csv
5,tt_sudirman.csv
6,tt_thamrin.csv
7,tt_bekasi.csv
8,tt_bogor.csv
9,tt_bsd.csv
10,tt_depok.csv
11,tt_kebonjeruk.csv
12,tt_tangerang.csv
13,tt_tbsimatupang.csv
14,tt_daanmogot.csv
15,tt_kalimalang.csv
16,tt_lingkardalam.csv
17,tt_majapahit.csv
18,tt_merdekabar.csv
19,tt_mtharyono.csv
20,tt_rayabogor.csv
21,tt_sparman.csv
22,tt_sudirman_s.csv
23,tt_sultanagung.csv
24,tt_cakungcilincing.csv
25,tt_cibinong.csv
26,tt_cibitung.csv
27,tt_cijantung.csv
28,tt_cilodong.csv
29,tt_cimanggis.csv
30,tt_cipondoh.csv
31,tt_fatmawati.csv
32,tt_gadingserpong.csv
33,tt_gajahmada.csv
34,tt_gunungsahari.csv
35,tt_hayamwuruk.csv
36,tt_jatinegara.csv
37,tt_jorr_west.csv
38,tt_kapukmuara.csv
39,tt_karawaci.csv
40,tt_kedoya.csv
41,tt_kemang.csv
42,tt_kramatraya.csv
43,tt_lebakbulus.csv
44,tt_lentengagung.csv
45,tt_mampang.csv
46,tt_manggadua.csv
47,tt_martadinata.csv
48,tt_matraman.csv
49,tt_merak_toll_e.csv
50,tt_otista.csv
51,tt_pemuda.csv
52,tt_perintis.csv
53,tt_pluit.csv
54,tt_pondokindah.csv
55,tt_pospengumben.csv
56,tt_pramuka.csv
57,tt_purikembangan.csv
58,tt_ragunan.csv
59,tt_rayabekasi_cakung.csv
60,tt_salemba.csv
61,tt_supomo.csv
62,tt_tambun.csv
63,tt_tendean.csv
