obs_time_utc,station_id,name,city,lat,lon,current_speed,free_flow_speed,current_travel_time,free_flow_travel_time,congestion_ratio,road_closure,confidence
2026-09-13 08:00:00+00:00,tt_bekasi,Tol Jakarta-Cikampek,Jabodetabek,-6.24,106.975,18,18,1072,1072,0.0,False,1.0
2026-09-13 08:00:00+00:00,tt_bogor,Tol Jagorawi (Bogor),Jabodetabek,-6.5,106.84,38,44,779,673,0.13636363636363635,False,1.0
2026-09-13 08:00:00+00:00,tt_bsd,BSD/Serpong,Jabodetabek,-6.3,106.67,34,34,165,165,0.0,False,1.0
2026-09-13 08:00:00+00:00,tt_cakungcilincing,Jl. Raya Cakung-Cilincing,Jabodetabek,-6.148,106.93,29,29,814,814,0.0,False,1.0
2026-09-13 08:00:00+00:00,tt_cawang,Cawang interchange,Jabodetabek,-6.245,106.865,31,42,87,64,0.26190476190476186,False,1.0
2026-09-13 08:00:00+00:00,tt_cibinong,Jl. Raya Cibinong,Jabodetabek,-6.48,106.85,44,44,1617,1617,0.0,False,1.0
2026-09-13 08:00:00+00:00,tt_cibitung,Jl. Raya Cibitung,Jabodetabek,-6.245,107.095,23,23,1201,1201,0.0,False,1.0
2026-09-13 08:00:00+00:00,tt_cijantung,Jl. Raya Cijantung,Jabodetabek,-6.31,106.855,21,21,202,202,0.0,False,1.0
2026-09-13 08:00:00+00:00,tt_cilodong,Jl. Raya Cilodong,Jabodetabek,-6.43,106.84,29,29,2116,2116,0.0,False,1.0
2026-09-13 08:00:00+00:00,tt_cimanggis,Jl. Raya Cimanggis,Jabodetabek,-6.37,106.885,25,25,444,444,0.0,False,1.0
2026-09-13 08:00:00+00:00,tt_cipondoh,Jl. Cipondoh (Tangerang),Jabodetabek,-6.195,106.68,34,34,706,706,0.0,False,1.0
2026-09-13 08:00:00+00:00,tt_daanmogot,Jl. Daan Mogot (Grogol),Jabodetabek,-6.158,106.755,32,39,405,332,0.17948717948717952,False,1.0
2026-09-13 08:00:00+00:00,tt_depok,Jl. Margonda (Depok),Jabodetabek,-6.4,106.82,27,32,2042,1722,0.15625,False,0.980664
2026-09-13 08:00:00+00:00,tt_fatmawati,Jl. RS Fatmawati,Jabodetabek,-6.292,106.797,35,35,17,17,0.0,False,1.0
2026-09-13 08:00:00+00:00,tt_gadingserpong,Jl. Gading Serpong,Jabodetabek,-6.245,106.64,36,36,96,96,0.0,False,1.0
2026-09-13 08:00:00+00:00,tt_gajahmada,Jl. Gajah Mada,Jabodetabek,-6.152,106.81,21,21,476,476,0.0,False,1.0
2026-09-13 08:00:00+00:00,tt_gatsu,Jl. Gatot Subroto,Jabodetabek,-6.2349,106.83,45,45,52,52,0.0,False,1.0
2026-09-13 08:00:00+00:00,tt_grogol,Grogol,Jabodetabek,-6.166,106.79,40,40,304,304,0.0,False,1.0
2026-09-13 08:00:00+00:00,tt_gunungsahari,Jl. Gunung Sahari,Jabodetabek,-6.148,106.83,25,25,295,295,0.0,False,1.0
2026-09-13 08:00:00+00:00,tt_hayamwuruk,Jl. Hayam Wuruk,Jabodetabek,-6.145,106.815,15,24,872,545,0.375,False,0.989544
2026-09-13 08:00:00+00:00,tt_jatinegara,Jl. Jatinegara Timur,Jabodetabek,-6.215,106.87,35,35,972,972,0.0,False,1.0
2026-09-13 08:00:00+00:00,tt_jorr_west,Tol JORR Barat,Jabodetabek,-6.235,106.695,23,28,2055,1688,0.1785714285714286,False,0.999152
2026-09-13 08:00:00+00:00,tt_kalimalang,Jl. Kalimalang (Bekasi),Jabodetabek,-6.256,106.965,31,31,169,169,0.0,False,1.0
2026-09-13 08:00:00+00:00,tt_kapukmuara,Jl. Kapuk Muara,Jabodetabek,-6.115,106.745,27,33,246,201,0.18181818181818177,False,1.0
2026-09-13 08:00:00+00:00,tt_karawaci,Jl. Karawaci (Tangerang),Jabodetabek,-6.22,106.61,31,31,297,297,0.0,False,1.0
2026-09-13 08:00:00+00:00,tt_kebonjeruk,Tol Kebon Jeruk,Jabodetabek,-6.195,106.77,26,36,1559,1126,0.2777777777777778,False,1.0
2026-09-13 08:00:00+00:00,tt_kedoya,Jl. Kedoya Raya,Jabodetabek,-6.195,106.755,21,28,1044,783,0.25,False,0.989993
2026-09-13 08:00:00+00:00,tt_kelapagading,Kelapa Gading,Jabodetabek,-6.158,106.906,25,29,1228,1059,0.13793103448275867,False,1.0
2026-09-13 08:00:00+00:00,tt_kemang,Jl. Kemang Raya,Jabodetabek,-6.26,106.815,22,27,1076,876,0.18518518518518523,False,1.0
2026-09-13 08:00:00+00:00,tt_kramatraya,Jl. Kramat Raya (Senen),Jabodetabek,-6.182,106.845,27,27,125,125,0.0,False,1.0
2026-09-13 08:00:00+00:00,tt_kuningan,Jl. HR Rasuna Said,Jabodetabek,-6.221,106.83,21,21,208,208,0.0,False,1.0
2026-09-13 08:00:00+00:00,tt_lebakbulus,Jl. Lebak Bulus,Jabodetabek,-6.305,106.785,21,31,876,593,0.32258064516129037,False,1.0
2026-09-13 08:00:00+00:00,tt_lentengagung,Jl. Lenteng Agung,Jabodetabek,-6.31,106.835,48,48,107,107,0.0,False,1.0
2026-09-13 08:00:00+00:00,tt_lingkardalam,Tol Lingkar Dalam (Semanggi),Jabodetabek,-6.225,106.81,23,23,69,69,0.0,False,1.0
2026-09-13 08:00:00+00:00,tt_majapahit,Jl. Majapahit,Jabodetabek,-6.165,106.8175,40,40,304,304,0.0,False,1.0
2026-09-13 08:00:00+00:00,tt_mampang,Jl. Mampang Prapatan,Jabodetabek,-6.248,106.828,34,34,1156,1156,0.0,False,1.0
2026-09-13 08:00:00+00:00,tt_manggadua,Jl. Mangga Dua Raya,Jabodetabek,-6.142,106.822,35,35,241,241,0.0,False,1.0
2026-09-13 08:00:00+00:00,tt_martadinata,Jl. RE Martadinata,Jabodetabek,-6.108,106.88,35,35,397,397,0.0,False,1.0
2026-09-13 08:00:00+00:00,tt_matraman,Jl. Matraman Raya,Jabodetabek,-6.225,106.85,36,41,1972,1732,0.12195121951219512,False,1.0
2026-09-13 08:00:00+00:00,tt_merak_toll_e,Tol Jkt-Merak (Timur),Jabodetabek,-6.24,106.59,20,24,544,453,0.16666666666666663,False,0.986517
2026-09-13 08:00:00+00:00,tt_merdekabar,Jl. Medan Merdeka Barat,Jabodetabek,-6.1755,106.82,20,26,92,71,0.23076923076923073,False,0.99
2026-09-13 08:00:00+00:00,tt_mtharyono,Jl. MT Haryono (Cawang),Jabodetabek,-6.245,106.882,47,47,37,37,0.0,False,1.0
2026-09-13 08:00:00+00:00,tt_otista,Jl. Otista Raya,Jabodetabek,-6.235,106.86,19,24,568,449,0.20833333333333337,False,0.977769
2026-09-13 08:00:00+00:00,tt_pemuda,Jl. Pemuda,Jabodetabek,-6.18,106.88,39,39,118,118,0.0,False,1.0
2026-09-13 08:00:00+00:00,tt_perintis,Jl. Perintis Kemerdekaan,Jabodetabek,-6.187,106.905,20,26,298,229,0.23076923076923073,False,0.919873
2026-09-13 08:00:00+00:00,tt_pluit,Jl. Pluit Raya,Jabodetabek,-6.122,106.778,51,51,90,90,0.0,False,1.0
2026-09-13 08:00:00+00:00,tt_pondokindah,Jl. Pondok Indah,Jabodetabek,-6.28,106.78,18,22,122,99,0.18181818181818177,False,0.991369
2026-09-13 08:00:00+00:00,tt_pospengumben,Jl. Raya Pos Pengumben,Jabodetabek,-6.225,106.73,25,28,1055,941,0.1071428571428571,False,0.990998
2026-09-13 08:00:00+00:00,tt_pramuka,Jl. Pramuka,Jabodetabek,-6.19,106.865,34,43,467,369,0.2093023255813954,False,1.0
2026-09-13 08:00:00+00:00,tt_purikembangan,Jl. Puri Kembangan,Jabodetabek,-6.205,106.73,77,77,307,307,0.0,False,1.0
2026-09-13 08:00:00+00:00,tt_ragunan,Jl. Ragunan (TMII),Jabodetabek,-6.295,106.815,22,27,1076,876,0.18518518518518523,False,1.0
2026-09-13 08:00:00+00:00,tt_rayabekasi_cakung,Jl. Raya Bekasi (Cakung),Jabodetabek,-6.172,106.945,36,36,388,388,0.0,False,1.0
2026-09-13 08:00:00+00:00,tt_rayabogor,Jl. Raya Bogor (Pasar Rebo),Jabodetabek,-6.33,106.86,23,23,604,604,0.0,False,1.0
2026-09-13 08:00:00+00:00,tt_salemba,Jl. Salemba Raya,Jabodetabek,-6.185,106.85,35,35,972,972,0.0,False,1.0
2026-09-13 08:00:00+00:00,tt_sparman,Jl. Letjen S. Parman (Slipi),Jabodetabek,-6.185,106.795,24,24,156,156,0.0,False,1.0
2026-09-13 08:00:00+00:00,tt_sudirman,Jl. Sudirman (HI),Jabodetabek,-6.2088,106.8228,32,38,448,377,0.1578947368421053,False,1.0
2026-09-13 08:00:00+00:00,tt_sudirman_s,Jl. Sudirman Selatan (Senayan),Jabodetabek,-6.229,106.802,21,21,351,351,0.0,False,1.0
2026-09-13 08:00:00+00:00,tt_sultanagung,Jl. Sultan Agung (Bekasi),Jabodetabek,-6.255,107.005,25,25,183,183,0.0,False,1.0
2026-09-13 08:00:00+00:00,tt_supomo,Jl. Prof. Supomo (Sahardjo),Jabodetabek,-6.245,106.848,48,48,21,21,0.0,False,1.0
2026-09-13 08:00:00+00:00,tt_tambun,Jl. Raya Tambun (Bekasi),Jabodetabek,-6.268,107.05,37,37,916,916,0.0,False,1.0
2026-09-13 08:00:00+00:00,tt_tangerang,Tol Jakarta-Merak,Jabodetabek,-6.2,106.63,48,48,193,193,0.0,False,1.0
2026-09-13 08:00:00+00:00,tt_tbsimatupang,TB Simatupang,Jabodetabek,-6.293,106.82,72,72,343,343,0.0,False,1.0
2026-09-13 08:00:00+00:00,tt_tendean,Jl. Kapt. Tendean,Jabodetabek,-6.242,106.832,39,39,81,81,0.0,False,1.0
2026-09-13 08:00:00+00:00,tt_thamrin,Jl. MH Thamrin,Jabodetabek,-6.188,106.823,17,23,338,249,0.26086956521739135,False,1.0
